StrategyName,TradeTime,Symbol,Quantity,Price,ExecutionCost,LiquidityAction,LiquidityCode,RawLiquidity,Account,Trader,MarketCenter,OrderID,ExecID,TransactionType
T3JPM,2019-Oct-03 13:30:00.578000,JPM,85,112.350000,0.102000,REMOVED,0,,SIM-1001-101,dlariviere,IEX,361425793300580,,FILL
T3JPM,2019-Oct-03 13:30:13.220000,JPM,-85,112.280000,0.315781,REMOVED,0,,SIM-1001-101,dlariviere,IEX,361425793300581,,FILL
T3JPM,2019-Oct-03 13:30:15.774000,JPM,100,112.350000,0.120000,REMOVED,0,,SIM-1001-101,dlariviere,IEX,361425793300582,,FILL
T3JPM,2019-Oct-03 13:30:28.684000,JPM,-100,112.240000,0.371418,REMOVED,0,,SIM-1001-101,dlariviere,IEX,361425793300583,,FILL
T3JPM,2019-Oct-03 13:30:52.822000,JPM,100,112.220000,0.120000,REMOVED,0,,SIM-1001-101,dlariviere,IEX,361425793300584,,FILL
T3JPM,2019-Oct-03 13:31:26.387000,JPM,-100,112.110000,0.371126,REMOVED,0,,SIM-1001-101,dlariviere,IEX,361425793300585,,FILL
T3JPM,2019-Oct-03 13:31:38.471000,JPM,100,112.390000,0.120000,REMOVED,0,,SIM-1001-101,dlariviere,IEX,361425793300586,,FILL
T3JPM,2019-Oct-03 13:32:03.774000,JPM,-100,112.220000,0.371373,REMOVED,0,,SIM-1001-101,dlariviere,IEX,361425793300587,,FILL
T3JPM,2019-Oct-03 13:32:35.631000,JPM,100,112.460000,0.120000,REMOVED,0,,SIM-1001-101,dlariviere,IEX,361425793300588,,FILL
T3JPM,2019-Oct-03 13:32:49.941000,JPM,-100,112.320000,0.371597,REMOVED,0,,SIM-1001-101,dlariviere,IEX,361425793300589,,FILL
T3JPM,2019-Oct-03 13:33:08.199000,JPM,100,112.450000,0.120000,REMOVED,0,,SIM-1001-101,dlariviere,IEX,361425793300590,,FILL
T3JPM,2019-Oct-03 13:33:40.529000,JPM,-100,112.550000,0.372112,REMOVED,0,,SIM-1001-101,dlariviere,IEX,361425793300591,,FILL
T3JPM,2019-Oct-03 13:37:24.172000,JPM,100,112.510000,0.120000,REMOVED,0,,SIM-1001-101,dlariviere,IEX,361425793300594,,FILL
T3JPM,2019-Oct-03 13:37:59.938000,JPM,-100,112.480000,0.371955,REMOVED,0,,SIM-1001-101,dlariviere,IEX,361425793300595,,FILL
T3JPM,2019-Oct-03 13:43:04.541000,JPM,13,112.420000,0.015600,REMOVED,0,,SIM-1001-101,dlariviere,IEX,361425793300596,,FILL
T3JPM,2019-Oct-03 13:44:31.961000,JPM,-13,112.420000,0.048337,REMOVED,0,,SIM-1001-101,dlariviere,IEX,361425793300597,,FILL
T3JPM,2019-Oct-03 13:45:09.284000,JPM,120,112.520000,0.144000,REMOVED,0,,SIM-1001-101,dlariviere,IEX,361425793300598,,FILL
T3JPM,2019-Oct-03 13:45:50.313000,JPM,-120,112.450000,0.446266,REMOVED,0,,SIM-1001-101,dlariviere,IEX,361425793300599,,FILL
T3JPM,2019-Oct-03 13:46:11.309000,JPM,100,112.600000,0.120000,REMOVED,0,,SIM-1001-101,dlariviere,IEX,361425793300600,,FILL
T3JPM,2019-Oct-03 13:50:23.452000,JPM,-100,112.730000,0.372515,REMOVED,0,,SIM-1001-101,dlariviere,IEX,361425793300603,,FILL
T3JPM,2019-Oct-03 13:54:28.800000,JPM,100,112.820000,0.120000,REMOVED,0,,SIM-1001-101,dlariviere,IEX,361425793300606,,FILL
T3JPM,2019-Oct-03 13:55:30.905000,JPM,-100,112.830000,0.372739,REMOVED,0,,SIM-1001-101,dlariviere,IEX,361425793300607,,FILL
T3JPM,2019-Oct-03 13:57:34.727000,JPM,100,112.770000,0.120000,REMOVED,0,,SIM-1001-101,dlariviere,IEX,361425793300608,,FILL
T3JPM,2019-Oct-03 14:00:00.397000,JPM,-100,112.530000,0.372067,REMOVED,0,,SIM-1001-101,dlariviere,IEX,361425793300609,,FILL
T3JPM,2019-Oct-03 14:00:14.389000,JPM,100,111.960000,0.120000,REMOVED,0,,SIM-1001-101,dlariviere,IEX,361425793300610,,FILL
T3JPM,2019-Oct-03 14:00:18.499000,JPM,-100,111.900000,0.370656,REMOVED,0,,SIM-1001-101,dlariviere,IEX,361425793300611,,FILL
T3JPM,2019-Oct-03 14:01:04.585000,JPM,100,111.750000,0.120000,REMOVED,0,,SIM-1001-101,dlariviere,IEX,361425793300612,,FILL
T3JPM,2019-Oct-03 14:01:06.628000,JPM,-100,111.680000,0.370163,REMOVED,0,,SIM-1001-101,dlariviere,IEX,361425793300613,,FILL
T3JPM,2019-Oct-03 14:01:07.618000,JPM,100,111.740000,0.120000,REMOVED,0,,SIM-1001-101,dlariviere,IEX,361425793300614,,FILL
T3JPM,2019-Oct-03 14:02:15.578000,JPM,200,111.460000,0.240000,REMOVED,0,,SIM-1001-101,dlariviere,IEX,361425793300616,,FILL
T3JPM,2019-Oct-03 14:02:15.749000,JPM,-300,111.390000,1.108541,REMOVED,0,,SIM-1001-101,dlariviere,IEX,361425793300617,,FILL
T3JPM,2019-Oct-03 14:02:33.425000,JPM,100,111.460000,0.120000,REMOVED,0,,SIM-1001-101,dlariviere,IEX,361425793300618,,FILL
T3JPM,2019-Oct-03 14:02:43.919000,JPM,-100,111.380000,0.369491,REMOVED,0,,SIM-1001-101,dlariviere,IEX,361425793300619,,FILL
T3JPM,2019-Oct-03 14:04:34.746000,JPM,21,111.170000,0.025200,REMOVED,0,,SIM-1001-101,dlariviere,IEX,361425793300620,,FILL
T3JPM,2019-Oct-03 14:05:07.714000,JPM,-21,111.070000,0.077447,REMOVED,0,,SIM-1001-101,dlariviere,IEX,361425793300621,,FILL
T3JPM,2019-Oct-03 14:08:35.823000,JPM,2,110.630000,0.002400,REMOVED,0,,SIM-1001-101,dlariviere,IEX,361425793300622,,FILL
T3JPM,2019-Oct-03 14:08:45.885000,JPM,-2,110.560000,0.007353,REMOVED,0,,SIM-1001-101,dlariviere,IEX,361425793300623,,FILL
T3JPM,2019-Oct-03 14:09:23.661000,JPM,20,110.680000,0.024000,REMOVED,0,,SIM-1001-101,dlariviere,IEX,361425793300624,,FILL
T3JPM,2019-Oct-03 14:10:13.992000,JPM,-20,110.620000,0.073558,REMOVED,0,,SIM-1001-101,dlariviere,IEX,361425793300625,,FILL
T3JPM,2019-Oct-03 14:11:06.833000,JPM,15,110.590000,0.018000,REMOVED,0,,SIM-1001-101,dlariviere,IEX,361425793300626,,FILL
T3JPM,2019-Oct-03 14:12:24.378000,JPM,-15,110.710000,0.055199,REMOVED,0,,SIM-1001-101,dlariviere,IEX,361425793300627,,FILL
T3JPM,2019-Oct-03 14:13:56.597000,JPM,1,110.650000,0.001200,REMOVED,0,,SIM-1001-101,dlariviere,IEX,361425793300628,,FILL
T3JPM,2019-Oct-03 14:16:11.330000,JPM,-1,110.630000,0.003678,REMOVED,0,,SIM-1001-101,dlariviere,IEX,361425793300629,,FILL
T3JPM,2019-Oct-03 14:19:34.917000,JPM,500,110.830000,0.600000,REMOVED,0,,SIM-1001-101,dlariviere,IEX,361425793300630,,FILL
T3JPM,2019-Oct-03 14:20:17.621000,JPM,-500,110.810000,1.841072,REMOVED,0,,SIM-1001-101,dlariviere,IEX,361425793300631,,FILL
T3JPM,2019-Oct-03 14:21:01.730000,JPM,100,110.880000,0.120000,REMOVED,0,,SIM-1001-101,dlariviere,IEX,361425793300632,,FILL
T3JPM,2019-Oct-03 14:22:26.255000,JPM,-100,110.970000,0.368573,REMOVED,0,,SIM-1001-101,dlariviere,IEX,361425793300633,,FILL
T3JPM,2019-Oct-03 14:23:16.775000,JPM,200,111.010000,0.240000,REMOVED,0,,SIM-1001-101,dlariviere,IEX,361425793300634,,FILL
T3JPM,2019-Oct-03 14:25:04.507000,JPM,-200,111.100000,0.737728,REMOVED,0,,SIM-1001-101,dlariviere,IEX,361425793300635,,FILL
T3JPM,2019-Oct-03 14:25:19.762000,JPM,100,111.120000,0.120000,REMOVED,0,,SIM-1001-101,dlariviere,IEX,361425793300636,,FILL
T3JPM,2019-Oct-03 14:26:56.655000,JPM,-100,111.220000,0.369133,REMOVED,0,,SIM-1001-101,dlariviere,IEX,361425793300637,,FILL
T3JPM,2019-Oct-03 14:30:57.101000,JPM,40,111.100000,0.048000,REMOVED,0,,SIM-1001-101,dlariviere,IEX,361425793300642,,FILL
T3JPM,2019-Oct-03 14:37:22.952000,JPM,-40,111.420000,0.147832,REMOVED,0,,SIM-1001-101,dlariviere,IEX,361425793300643,,FILL
T3JPM,2019-Oct-03 14:45:51.188000,JPM,100,111.210000,0.120000,REMOVED,0,,SIM-1001-101,dlariviere,IEX,361425793300644,,FILL
T3JPM,2019-Oct-03 14:47:11.945000,JPM,-100,111.110000,0.368886,REMOVED,0,,SIM-1001-101,dlariviere,IEX,361425793300645,,FILL
T3JPM,2019-Oct-03 14:51:34.884000,JPM,200,111.180000,0.240000,REMOVED,0,,SIM-1001-101,dlariviere,IEX,361425793300646,,FILL
T3JPM,2019-Oct-03 14:51:53.145000,JPM,-200,111.120000,0.737818,REMOVED,0,,SIM-1001-101,dlariviere,IEX,361425793300647,,FILL
T3JPM,2019-Oct-03 14:54:09.245000,JPM,200,111.070000,0.240000,REMOVED,0,,SIM-1001-101,dlariviere,IEX,361425793300648,,FILL
T3JPM,2019-Oct-03 15:00:01.359000,JPM,-200,111.470000,0.739386,REMOVED,0,,SIM-1001-101,dlariviere,IEX,361425793300649,,FILL
T3JPM,2019-Oct-03 15:01:10.854000,JPM,300,111.570000,0.360000,REMOVED,0,,SIM-1001-101,dlariviere,IEX,361425793300650,,FILL
T3JPM,2019-Oct-03 15:07:53.492000,JPM,-300,112.050000,1.112976,REMOVED,0,,SIM-1001-101,dlariviere,IEX,361425793300651,,FILL
T3JPM,2019-Oct-03 15:10:08.718000,JPM,100,112.120000,0.120000,REMOVED,0,,SIM-1001-101,dlariviere,IEX,361425793300654,,FILL
T3JPM,2019-Oct-03 15:12:00.792000,JPM,-100,112.200000,0.371328,REMOVED,0,,SIM-1001-101,dlariviere,IEX,361425793300655,,FILL
T3JPM,2019-Oct-03 15:15:05.571000,JPM,25,112.210000,0.030000,REMOVED,0,,SIM-1001-101,dlariviere,IEX,361425793300656,,FILL
T3JPM,2019-Oct-03 15:17:03.164000,JPM,-25,112.220000,0.092843,REMOVED,0,,SIM-1001-101,dlariviere,IEX,361425793300657,,FILL
T3JPM,2019-Oct-03 15:19:03.453000,JPM,100,112.290000,0.120000,REMOVED,0,,SIM-1001-101,dlariviere,IEX,361425793300658,,FILL
T3JPM,2019-Oct-03 15:20:31.934000,JPM,-100,112.250000,0.371440,REMOVED,0,,SIM-1001-101,dlariviere,IEX,361425793300659,,FILL
T3JPM,2019-Oct-03 15:25:29.334000,JPM,100,112.070000,0.120000,REMOVED,0,,SIM-1001-101,dlariviere,IEX,361425793300660,,FILL
T3JPM,2019-Oct-03 15:26:42.618000,JPM,-100,112.000000,0.370880,REMOVED,0,,SIM-1001-101,dlariviere,IEX,361425793300661,,FILL
T3JPM,2019-Oct-03 15:40:49.682000,JPM,4,111.790000,0.004800,REMOVED,0,,SIM-1001-101,dlariviere,IEX,361425793300662,,FILL
T3JPM,2019-Oct-03 15:43:00.160000,JPM,-4,111.770000,0.014815,REMOVED,0,,SIM-1001-101,dlariviere,IEX,361425793300663,,FILL
T3JPM,2019-Oct-03 15:55:28.995000,JPM,531,111.620000,0.637200,REMOVED,0,,SIM-1001-101,dlariviere,IEX,361425793300666,,FILL
T3JPM,2019-Oct-03 16:12:08.706000,JPM,-531,111.800000,1.966994,REMOVED,0,,SIM-1001-101,dlariviere,IEX,361425793300667,,FILL
T3JPM,2019-Oct-03 16:23:27.990000,JPM,100,111.720000,0.120000,REMOVED,0,,SIM-1001-101,dlariviere,IEX,361425793300668,,FILL
T3JPM,2019-Oct-03 16:34:44.317000,JPM,-100,111.830000,0.370499,REMOVED,0,,SIM-1001-101,dlariviere,IEX,361425793300669,,FILL
T3JPM,2019-Oct-03 17:14:34.450000,JPM,100,111.770000,0.120000,REMOVED,0,,SIM-1001-101,dlariviere,IEX,361425793300672,,FILL
T3JPM,2019-Oct-03 17:22:01.742000,JPM,-100,111.670000,0.370141,REMOVED,0,,SIM-1001-101,dlariviere,IEX,361425793300673,,FILL
T3JPM,2019-Oct-03 17:24:16.882000,JPM,100,111.730000,0.120000,REMOVED,0,,SIM-1001-101,dlariviere,IEX,361425793300674,,FILL
T3JPM,2019-Oct-03 17:56:43.838000,JPM,-100,111.860000,0.370566,REMOVED,0,,SIM-1001-101,dlariviere,IEX,361425793300675,,FILL
T3JPM,2019-Oct-03 17:57:16.311000,JPM,3,111.930000,0.003600,REMOVED,0,,SIM-1001-101,dlariviere,IEX,361425793300676,,FILL
T3JPM,2019-Oct-03 18:02:17.596000,JPM,-3,111.810000,0.011114,REMOVED,0,,SIM-1001-101,dlariviere,IEX,361425793300677,,FILL
T3JPM,2019-Oct-03 18:41:05.203000,JPM,100,112.000000,0.120000,REMOVED,0,,SIM-1001-101,dlariviere,IEX,361425793300682,,FILL
T3JPM,2019-Oct-03 18:47:04.188000,JPM,100,111.900000,0.120000,REMOVED,0,,SIM-1001-101,dlariviere,IEX,361425793300684,,FILL
T3JPM,2019-Oct-03 19:16:59.441000,JPM,-200,111.900000,0.741312,REMOVED,0,,SIM-1001-101,dlariviere,IEX,361425793300687,,FILL
T3JPM,2019-Oct-03 19:19:29.873000,JPM,6,111.900000,0.007200,REMOVED,0,,SIM-1001-101,dlariviere,IEX,361425793300688,,FILL
T3JPM,2019-Oct-03 19:59:48.271000,JPM,100,112.080000,0.120000,REMOVED,0,,SIM-1001-101,dlariviere,IEX,361425793300692,,FILL
T3JPM,2019-Oct-04 13:30:40.596000,JPM,-106,112.280000,0.393798,REMOVED,0,,SIM-1001-101,dlariviere,IEX,361425793300693,,FILL
T3JPM,2019-Oct-04 13:30:51.872000,JPM,50,112.450000,0.060000,REMOVED,0,,SIM-1001-101,dlariviere,IEX,361425793300694,,FILL
T3JPM,2019-Oct-04 13:32:04.804000,JPM,-50,112.710000,0.186235,REMOVED,0,,SIM-1001-101,dlariviere,IEX,361425793300695,,FILL
T3JPM,2019-Oct-04 13:33:57.277000,JPM,100,112.700000,0.120000,REMOVED,0,,SIM-1001-101,dlariviere,IEX,361425793300696,,FILL
T3JPM,2019-Oct-04 13:35:07.603000,JPM,-100,112.650000,0.372336,REMOVED,0,,SIM-1001-101,dlariviere,IEX,361425793300697,,FILL
T3JPM,2019-Oct-04 13:35:20.108000,JPM,100,112.730000,0.120000,REMOVED,0,,SIM-1001-101,dlariviere,IEX,361425793300698,,FILL
T3JPM,2019-Oct-04 13:35:42.107000,JPM,-100,112.670000,0.372381,REMOVED,0,,SIM-1001-101,dlariviere,IEX,361425793300699,,FILL
T3JPM,2019-Oct-04 13:36:15.129000,JPM,1,112.830000,0.001200,REMOVED,0,,SIM-1001-101,dlariviere,IEX,361425793300700,,FILL
T3JPM,2019-Oct-04 13:37:51.497000,JPM,-1,112.560000,0.003721,REMOVED,0,,SIM-1001-101,dlariviere,IEX,361425793300701,,FILL
T3JPM,2019-Oct-04 13:41:41.467000,JPM,100,112.500000,0.120000,REMOVED,0,,SIM-1001-101,dlariviere,IEX,361425793300702,,FILL
T3JPM,2019-Oct-04 13:46:28.550000,JPM,-100,112.900000,0.372896,REMOVED,0,,SIM-1001-101,dlariviere,IEX,361425793300703,,FILL
T3JPM,2019-Oct-04 13:46:41.926000,JPM,100,112.940000,0.120000,REMOVED,0,,SIM-1001-101,dlariviere,IEX,361425793300704,,FILL
T3JPM,2019-Oct-04 13:47:44.179000,JPM,-100,112.920000,0.372941,REMOVED,0,,SIM-1001-101,dlariviere,IEX,361425793300705,,FILL
T3JPM,2019-Oct-04 13:50:10.554000,JPM,100,113.000000,0.120000,REMOVED,0,,SIM-1001-101,dlariviere,IEX,361425793300706,,FILL
T3JPM,2019-Oct-04 13:51:28.895000,JPM,-100,112.940000,0.372986,REMOVED,0,,SIM-1001-101,dlariviere,IEX,361425793300707,,FILL
T3JPM,2019-Oct-04 13:52:08.214000,JPM,100,112.900000,0.120000,REMOVED,0,,SIM-1001-101,dlariviere,IEX,361425793300708,,FILL
T3JPM,2019-Oct-04 13:52:36.606000,JPM,-100,112.850000,0.372784,REMOVED,0,,SIM-1001-101,dlariviere,IEX,361425793300709,,FILL
T3JPM,2019-Oct-04 13:53:59.168000,JPM,3,112.910000,0.003600,REMOVED,0,,SIM-1001-101,dlariviere,IEX,361425793300710,,FILL
T3JPM,2019-Oct-04 13:59:50.375000,JPM,-3,113.000000,0.011194,REMOVED,0,,SIM-1001-101,dlariviere,IEX,361425793300711,,FILL
T3JPM,2019-Oct-04 14:07:42.257000,JPM,22,113.160000,0.026400,REMOVED,0,,SIM-1001-101,dlariviere,IEX,361425793300714,,FILL
T3JPM,2019-Oct-04 14:11:49.138000,JPM,100,113.000000,0.120000,REMOVED,0,,SIM-1001-101,dlariviere,IEX,361425793300716,,FILL
T3JPM,2019-Oct-04 14:19:08.911000,JPM,-122,113.140000,0.455589,REMOVED,0,,SIM-1001-101,dlariviere,IEX,361425793300717,,FILL
T3JPM,2019-Oct-04 14:20:08.666000,JPM,100,113.220000,0.120000,REMOVED,0,,SIM-1001-101,dlariviere,IEX,361425793300718,,FILL
T3JPM,2019-Oct-04 14:37:34.964000,JPM,100,113.040000,0.120000,REMOVED,0,,SIM-1001-101,dlariviere,IEX,361425793300720,,FILL
T3JPM,2019-Oct-04 14:39:21.751000,JPM,-200,112.990000,0.746195,REMOVED,0,,SIM-1001-101,dlariviere,IEX,361425793300721,,FILL
T3JPM,2019-Oct-04 14:44:24.761000,JPM,100,112.950000,0.120000,REMOVED,0,,SIM-1001-101,dlariviere,IEX,361425793300722,,FILL
T3JPM,2019-Oct-04 14:57:04.200000,JPM,-100,112.940000,0.372986,REMOVED,0,,SIM-1001-101,dlariviere,IEX,361425793300723,,FILL
T3JPM,2019-Oct-04 15:00:59.990000,JPM,600,112.830000,0.720000,REMOVED,0,,SIM-1001-101,dlariviere,IEX,361425793300724,,FILL
T3JPM,2019-Oct-04 15:05:47.137000,JPM,-600,112.730000,2.235091,REMOVED,0,,SIM-1001-101,dlariviere,IEX,361425793300725,,FILL
T3JPM,2019-Oct-04 15:07:09.598000,JPM,100,112.810000,0.120000,REMOVED,0,,SIM-1001-101,dlariviere,IEX,361425793300726,,FILL
T3JPM,2019-Oct-04 15:45:04.458000,JPM,-100,113.350000,0.373904,REMOVED,0,,SIM-1001-101,dlariviere,IEX,361425793300727,,FILL
T3JPM,2019-Oct-04 15:48:17.215000,JPM,1,113.370000,0.001200,REMOVED,0,,SIM-1001-101,dlariviere,IEX,361425793300728,,FILL
T3JPM,2019-Oct-04 16:29:46.128000,JPM,-1,113.440000,0.003741,REMOVED,0,,SIM-1001-101,dlariviere,IEX,361425793300731,,FILL
T3JPM,2019-Oct-04 17:03:44.994000,JPM,22,113.350000,0.026400,REMOVED,0,,SIM-1001-101,dlariviere,IEX,361425793300734,,FILL
T3JPM,2019-Oct-04 17:08:01.891000,JPM,-22,113.290000,0.082229,REMOVED,0,,SIM-1001-101,dlariviere,IEX,361425793300735,,FILL
T3JPM,2019-Oct-04 17:26:41.137000,JPM,11,113.340000,0.013200,REMOVED,0,,SIM-1001-101,dlariviere,IEX,361425793300736,,FILL
T3JPM,2019-Oct-04 17:50:33.987000,JPM,1,113.570000,0.001200,REMOVED,0,,SIM-1001-101,dlariviere,IEX,361425793300738,,FILL
T3JPM,2019-Oct-04 17:57:23.922000,JPM,-12,113.510000,0.044911,REMOVED,0,,SIM-1001-101,dlariviere,IEX,361425793300739,,FILL
T3JPM,2019-Oct-04 19:33:21.717000,JPM,9,114.420000,0.010800,REMOVED,0,,SIM-1001-101,dlariviere,IEX,361425793300742,,FILL
T3JPM,2019-Oct-04 19:41:15.420000,JPM,-9,114.520000,0.033887,REMOVED,0,,SIM-1001-101,dlariviere,IEX,361425793300743,,FILL
T3JPM,2019-Oct-07 13:35:53.952000,JPM,120,114.160000,0.144000,REMOVED,0,,SIM-1001-101,dlariviere,IEX,361425793300752,,FILL
T3JPM,2019-Oct-07 13:37:15.287000,JPM,-120,114.140000,0.450808,REMOVED,0,,SIM-1001-101,dlariviere,IEX,361425793300753,,FILL
T3JPM,2019-Oct-07 13:40:08.742000,JPM,1,114.280000,0.001200,REMOVED,0,,SIM-1001-101,dlariviere,IEX,361425793300754,,FILL
T3JPM,2019-Oct-07 13:41:57.230000,JPM,5,114.180000,0.006000,REMOVED,0,,SIM-1001-101,dlariviere,IEX,361425793300756,,FILL
T3JPM,2019-Oct-07 13:56:58.721000,JPM,-6,114.570000,0.022598,REMOVED,0,,SIM-1001-101,dlariviere,IEX,361425793300757,,FILL
T3JPM,2019-Oct-07 14:02:06.118000,JPM,1,114.470000,0.001200,REMOVED,0,,SIM-1001-101,dlariviere,IEX,361425793300758,,FILL
T3JPM,2019-Oct-07 14:07:24.324000,JPM,-1,114.730000,0.003770,REMOVED,0,,SIM-1001-101,dlariviere,IEX,361425793300759,,FILL
T3JPM,2019-Oct-07 14:10:55.827000,JPM,4,114.660000,0.004800,REMOVED,0,,SIM-1001-101,dlariviere,IEX,361425793300760,,FILL
T3JPM,2019-Oct-07 14:15:16.592000,JPM,2,114.740000,0.002400,REMOVED,0,,SIM-1001-101,dlariviere,IEX,361425793300762,,FILL
T3JPM,2019-Oct-07 14:18:03.176000,JPM,-6,114.660000,0.022610,REMOVED,0,,SIM-1001-101,dlariviere,IEX,361425793300763,,FILL
T3JPM,2019-Oct-07 14:27:04.870000,JPM,9,114.680000,0.010800,REMOVED,0,,SIM-1001-101,dlariviere,IEX,361425793300766,,FILL
T3JPM,2019-Oct-07 14:29:27.869000,JPM,-9,114.630000,0.033909,REMOVED,0,,SIM-1001-101,dlariviere,IEX,361425793300767,,FILL
T3JPM,2019-Oct-07 14:41:02.548000,JPM,1,114.440000,0.001200,REMOVED,0,,SIM-1001-101,dlariviere,IEX,361425793300768,,FILL
T3JPM,2019-Oct-08 13:31:00.446000,JPM,100,112.890000,0.120000,REMOVED,0,,SIM-1001-101,dlariviere,IEX,361425793300770,,FILL
T3JPM,2019-Oct-08 13:31:15.656000,JPM,-101,112.900000,0.376625,REMOVED,0,,SIM-1001-101,dlariviere,IEX,361425793300771,,FILL
T3JPM,2019-Oct-08 13:32:02.486000,JPM,100,112.790000,0.120000,REMOVED,0,,SIM-1001-101,dlariviere,IEX,361425793300772,,FILL
T3JPM,2019-Oct-08 13:33:04.111000,JPM,-100,112.700000,0.372448,REMOVED,0,,SIM-1001-101,dlariviere,IEX,361425793300773,,FILL
T3JPM,2019-Oct-08 13:34:42.716000,JPM,100,112.690000,0.120000,REMOVED,0,,SIM-1001-101,dlariviere,IEX,361425793300776,,FILL
T3JPM,2019-Oct-08 13:36:44.715000,JPM,-100,112.770000,0.372605,REMOVED,0,,SIM-1001-101,dlariviere,IEX,361425793300777,,FILL
T3JPM,2019-Oct-08 13:40:39.716000,JPM,100,112.530000,0.120000,REMOVED,0,,SIM-1001-101,dlariviere,IEX,361425793300778,,FILL
T3JPM,2019-Oct-08 13:44:23.255000,JPM,2,112.360000,0.002400,REMOVED,0,,SIM-1001-101,dlariviere,IEX,361425793300780,,FILL
T3JPM,2019-Oct-08 13:45:31.460000,JPM,-102,112.300000,0.378983,REMOVED,0,,SIM-1001-101,dlariviere,IEX,361425793300781,,FILL
T3JPM,2019-Oct-08 13:45:41.415000,JPM,100,112.370000,0.120000,REMOVED,0,,SIM-1001-101,dlariviere,IEX,361425793300782,,FILL
T3JPM,2019-Oct-08 13:46:00.314000,JPM,-100,112.300000,0.371552,REMOVED,0,,SIM-1001-101,dlariviere,IEX,361425793300783,,FILL
T3JPM,2019-Oct-08 13:47:05.459000,JPM,100,112.260000,0.120000,REMOVED,0,,SIM-1001-101,dlariviere,IEX,361425793300784,,FILL
T3JPM,2019-Oct-08 13:48:24.332000,JPM,-100,112.210000,0.371350,REMOVED,0,,SIM-1001-101,dlariviere,IEX,361425793300785,,FILL
T3JPM,2019-Oct-08 13:50:46.219000,JPM,100,112.140000,0.120000,REMOVED,0,,SIM-1001-101,dlariviere,IEX,361425793300786,,FILL
T3JPM,2019-Oct-08 13:52:06.420000,JPM,-100,112.160000,0.371238,REMOVED,0,,SIM-1001-101,dlariviere,IEX,361425793300787,,FILL
T3JPM,2019-Oct-08 13:52:23.483000,JPM,81,112.230000,0.097200,REMOVED,0,,SIM-1001-101,dlariviere,IEX,361425793300788,,FILL
T3JPM,2019-Oct-08 13:53:57.830000,JPM,100,112.410000,0.120000,REMOVED,0,,SIM-1001-101,dlariviere,IEX,361425793300790,,FILL
T3JPM,2019-Oct-08 13:57:28.351000,JPM,-181,112.500000,0.673320,REMOVED,0,,SIM-1001-101,dlariviere,IEX,361425793300791,,FILL
T3JPM,2019-Oct-08 14:01:05.525000,JPM,3,112.280000,0.003600,REMOVED,0,,SIM-1001-101,dlariviere,IEX,361425793300792,,FILL
T3JPM,2019-Oct-08 14:01:24.221000,JPM,-3,112.210000,0.011141,REMOVED,0,,SIM-1001-101,dlariviere,IEX,361425793300793,,FILL
T3JPM,2019-Oct-08 14:04:09.570000,JPM,300,112.090000,0.360000,REMOVED,0,,SIM-1001-101,dlariviere,IEX,361425793300794,,FILL
T3JPM,2019-Oct-08 14:05:06.638000,JPM,-300,111.990000,1.112573,REMOVED,0,,SIM-1001-101,dlariviere,IEX,361425793300795,,FILL
T3JPM,2019-Oct-08 14:08:04.607000,JPM,100,111.910000,0.120000,REMOVED,0,,SIM-1001-101,dlariviere,IEX,361425793300796,,FILL
T3JPM,2019-Oct-08 14:10:34.796000,JPM,-100,112.050000,0.370992,REMOVED,0,,SIM-1001-101,dlariviere,IEX,361425793300797,,FILL
T3JPM,2019-Oct-08 14:12:23.410000,JPM,100,112.100000,0.120000,REMOVED,0,,SIM-1001-101,dlariviere,IEX,361425793300798,,FILL
T3JPM,2019-Oct-08 14:22:20.690000,JPM,-100,112.120000,0.371149,REMOVED,0,,SIM-1001-101,dlariviere,IEX,361425793300799,,FILL
T3JPM,2019-Oct-08 14:31:06.155000,JPM,1,112.100000,0.001200,REMOVED,0,,SIM-1001-101,dlariviere,IEX,361425793300800,,FILL
T3JPM,2019-Oct-08 14:38:10.989000,JPM,135,111.950000,0.162000,REMOVED,0,,SIM-1001-101,dlariviere,IEX,361425793300802,,FILL
T3JPM,2019-Oct-08 14:53:28.263000,JPM,-136,111.790000,0.503757,REMOVED,0,,SIM-1001-101,dlariviere,IEX,361425793300805,,FILL
T3JPM,2019-Oct-08 14:57:41.365000,JPM,100,112.080000,0.120000,REMOVED,0,,SIM-1001-101,dlariviere,IEX,361425793300808,,FILL
T3JPM,2019-Oct-08 15:18:52.785000,JPM,-100,112.200000,0.371328,REMOVED,0,,SIM-1001-101,dlariviere,IEX,361425793300811,,FILL
T3JPM,2019-Oct-08 15:40:21.526000,JPM,10,111.910000,0.012000,REMOVED,0,,SIM-1001-101,dlariviere,IEX,361425793300816,,FILL
T3JPM,2019-Oct-08 15:41:19.233000,JPM,-10,111.810000,0.037045,REMOVED,0,,SIM-1001-101,dlariviere,IEX,361425793300817,,FILL
T3JPM,2019-Oct-08 15:42:16.265000,JPM,50,111.900000,0.060000,REMOVED,0,,SIM-1001-101,dlariviere,IEX,361425793300818,,FILL
T3JPM,2019-Oct-08 15:54:35.981000,JPM,100,112.090000,0.120000,REMOVED,0,,SIM-1001-101,dlariviere,IEX,361425793300820,,FILL
T3JPM,2019-Oct-08 15:55:21.800000,JPM,-150,112.030000,0.556421,REMOVED,0,,SIM-1001-101,dlariviere,IEX,361425793300821,,FILL
T3JPM,2019-Oct-08 16:37:58.641000,JPM,100,112.270000,0.120000,REMOVED,0,,SIM-1001-101,dlariviere,IEX,361425793300826,,FILL
T3JPM,2019-Oct-08 16:48:47.742000,JPM,-100,112.660000,0.372358,REMOVED,0,,SIM-1001-101,dlariviere,IEX,361425793300829,,FILL
T3JPM,2019-Oct-08 16:58:10.782000,JPM,100,112.510000,0.120000,REMOVED,0,,SIM-1001-101,dlariviere,IEX,361425793300830,,FILL
T3JPM,2019-Oct-08 18:08:04.175000,JPM,100,112.610000,0.120000,REMOVED,0,,SIM-1001-101,dlariviere,IEX,361425793300836,,FILL
T3JPM,2019-Oct-08 18:57:44.596000,JPM,100,112.240000,0.120000,REMOVED,0,,SIM-1001-101,dlariviere,IEX,361425793300842,,FILL
T3JPM,2019-Oct-08 18:58:02.331000,JPM,-300,112.120000,1.113446,REMOVED,0,,SIM-1001-101,dlariviere,IEX,361425793300843,,FILL
T3JPM,2019-Oct-08 18:58:17.552000,JPM,1,112.220000,0.001200,REMOVED,0,,SIM-1001-101,dlariviere,IEX,361425793300844,,FILL
T3JPM,2019-Oct-08 19:00:20.689000,JPM,41,112.450000,0.049200,REMOVED,0,,SIM-1001-101,dlariviere,IEX,361425793300846,,FILL
T3JPM,2019-Oct-08 19:02:00.118000,JPM,1,112.450000,0.001200,REMOVED,0,,SIM-1001-101,dlariviere,IEX,361425793300848,,FILL
T3JPM,2019-Oct-08 19:03:01.279000,JPM,-43,112.350000,0.159816,REMOVED,0,,SIM-1001-101,dlariviere,IEX,361425793300849,,FILL
T3JPM,2019-Oct-08 19:09:04.110000,JPM,1,112.400000,0.001200,REMOVED,0,,SIM-1001-101,dlariviere,IEX,361425793300852,,FILL
T3JPM,2019-Oct-08 19:09:37.162000,JPM,-1,112.330000,0.003716,REMOVED,0,,SIM-1001-101,dlariviere,IEX,361425793300853,,FILL
T3JPM,2019-Oct-08 19:12:01.183000,JPM,1,112.230000,0.001200,REMOVED,0,,SIM-1001-101,dlariviere,IEX,361425793300854,,FILL
T3JPM,2019-Oct-08 19:28:24.136000,JPM,-1,112.430000,0.003718,REMOVED,0,,SIM-1001-101,dlariviere,IEX,361425793300859,,FILL
T3JPM,2019-Oct-08 19:37:34.926000,JPM,1,112.370000,0.001200,REMOVED,0,,SIM-1001-101,dlariviere,IEX,361425793300862,,FILL
T3JPM,2019-Oct-08 19:40:34.202000,JPM,1,112.220000,0.001200,REMOVED,0,,SIM-1001-101,dlariviere,IEX,361425793300864,,FILL
T3JPM,2019-Oct-08 19:41:51.811000,JPM,-2,112.100000,0.007422,REMOVED,0,,SIM-1001-101,dlariviere,IEX,361425793300865,,FILL
T3JPM,2019-Oct-08 19:56:12.349000,JPM,100,111.850000,0.120000,REMOVED,0,,SIM-1001-101,dlariviere,IEX,361425793300868,,FILL
T3JPM,2019-Oct-09 13:30:35.231000,JPM,-100,112.540000,0.372090,REMOVED,0,,SIM-1001-101,dlariviere,IEX,361425793300869,,FILL
T3JPM,2019-Oct-09 13:32:00.868000,JPM,100,112.570000,0.120000,REMOVED,0,,SIM-1001-101,dlariviere,IEX,361425793300870,,FILL
T3JPM,2019-Oct-09 13:33:04.670000,JPM,-100,112.770000,0.372605,REMOVED,0,,SIM-1001-101,dlariviere,IEX,361425793300871,,FILL
T3JPM,2019-Oct-09 13:33:12.282000,JPM,100,112.830000,0.120000,REMOVED,0,,SIM-1001-101,dlariviere,IEX,361425793300872,,FILL
T3JPM,2019-Oct-09 13:33:26.132000,JPM,-100,112.690000,0.372426,REMOVED,0,,SIM-1001-101,dlariviere,IEX,361425793300873,,FILL
T3JPM,2019-Oct-09 13:34:30.594000,JPM,100,112.650000,0.120000,REMOVED,0,,SIM-1001-101,dlariviere,IEX,361425793300874,,FILL
T3JPM,2019-Oct-09 13:35:03.531000,JPM,-100,112.520000,0.372045,REMOVED,0,,SIM-1001-101,dlariviere,IEX,361425793300875,,FILL
T3JPM,2019-Oct-09 13:36:03.860000,JPM,200,112.650000,0.240000,REMOVED,0,,SIM-1001-101,dlariviere,IEX,361425793300876,,FILL
T3JPM,2019-Oct-09 13:37:24.241000,JPM,-200,112.620000,0.744538,REMOVED,0,,SIM-1001-101,dlariviere,IEX,361425793300877,,FILL
T3JPM,2019-Oct-09 13:38:05.743000,JPM,100,112.720000,0.120000,REMOVED,0,,SIM-1001-101,dlariviere,IEX,361425793300878,,FILL
T3JPM,2019-Oct-09 13:38:33.269000,JPM,-100,112.630000,0.372291,REMOVED,0,,SIM-1001-101,dlariviere,IEX,361425793300879,,FILL
T3JPM,2019-Oct-09 13:39:57.262000,JPM,100,112.860000,0.120000,REMOVED,0,,SIM-1001-101,dlariviere,IEX,361425793300880,,FILL
T3JPM,2019-Oct-09 13:42:19.918000,JPM,-100,113.040000,0.373210,REMOVED,0,,SIM-1001-101,dlariviere,IEX,361425793300881,,FILL
T3JPM,2019-Oct-09 13:45:30.734000,JPM,40,112.840000,0.048000,REMOVED,0,,SIM-1001-101,dlariviere,IEX,361425793300882,,FILL
T3JPM,2019-Oct-09 14:03:49.305000,JPM,100,112.420000,0.120000,REMOVED,0,,SIM-1001-101,dlariviere,IEX,361425793300884,,FILL
T3JPM,2019-Oct-09 14:11:33.188000,JPM,-140,112.680000,0.521364,REMOVED,0,,SIM-1001-101,dlariviere,IEX,361425793300885,,FILL
T3JPM,2019-Oct-09 14:12:11.852000,JPM,100,112.790000,0.120000,REMOVED,0,,SIM-1001-101,dlariviere,IEX,361425793300886,,FILL
T3JPM,2019-Oct-09 14:18:51.680000,JPM,1,112.830000,0.001200,REMOVED,0,,SIM-1001-101,dlariviere,IEX,361425793300888,,FILL
T3JPM,2019-Oct-09 14:23:26.160000,JPM,100,112.900000,0.120000,REMOVED,0,,SIM-1001-101,dlariviere,IEX,361425793300890,,FILL
T3JPM,2019-Oct-09 14:26:36.577000,JPM,-201,112.730000,0.748756,REMOVED,0,,SIM-1001-101,dlariviere,IEX,361425793300891,,FILL
T3JPM,2019-Oct-09 14:54:09.524000,JPM,71,112.540000,0.085200,REMOVED,0,,SIM-1001-101,dlariviere,IEX,361425793300898,,FILL
T3JPM,2019-Oct-09 15:01:23.129000,JPM,-71,112.470000,0.264072,REMOVED,0,,SIM-1001-101,dlariviere,IEX,361425793300899,,FILL
T3JPM,2019-Oct-09 15:12:52.557000,JPM,100,112.150000,0.120000,REMOVED,0,,SIM-1001-101,dlariviere,IEX,361425793300900,,FILL
T3JPM,2019-Oct-10 13:30:36.575000,JPM,-100,113.280000,0.373747,REMOVED,0,,SIM-1001-101,dlariviere,IEX,361425793300901,,FILL
T3JPM,2019-Oct-10 13:31:36.964000,JPM,20,113.260000,0.024000,REMOVED,0,,SIM-1001-101,dlariviere,IEX,361425793300902,,FILL
T3JPM,2019-Oct-10 13:32:13.908000,JPM,-20,113.210000,0.074718,REMOVED,0,,SIM-1001-101,dlariviere,IEX,361425793300903,,FILL
T3JPM,2019-Oct-10 13:36:04.131000,JPM,100,113.200000,0.120000,REMOVED,0,,SIM-1001-101,dlariviere,IEX,361425793300904,,FILL
T3JPM,2019-Oct-10 13:37:09.489000,JPM,-100,113.050000,0.373232,REMOVED,0,,SIM-1001-101,dlariviere,IEX,361425793300905,,FILL
T3JPM,2019-Oct-10 13:37:40.348000,JPM,5,113.140000,0.006000,REMOVED,0,,SIM-1001-101,dlariviere,IEX,361425793300906,,FILL
T3JPM,2019-Oct-10 13:43:54.457000,JPM,-5,113.550000,0.018718,REMOVED,0,,SIM-1001-101,dlariviere,IEX,361425793300907,,FILL
T3JPM,2019-Oct-10 13:44:17.202000,JPM,100,113.640000,0.120000,REMOVED,0,,SIM-1001-101,dlariviere,IEX,361425793300908,,FILL
T3JPM,2019-Oct-10 13:44:21.964000,JPM,-100,113.580000,0.374419,REMOVED,0,,SIM-1001-101,dlariviere,IEX,361425793300909,,FILL
T3JPM,2019-Oct-10 13:45:13.499000,JPM,100,113.650000,0.120000,REMOVED,0,,SIM-1001-101,dlariviere,IEX,361425793300910,,FILL
T3JPM,2019-Oct-10 13:56:45.166000,JPM,-100,114.450000,0.376368,REMOVED,0,,SIM-1001-101,dlariviere,IEX,361425793300913,,FILL
T3JPM,2019-Oct-10 13:57:15.143000,JPM,93,114.590000,0.111600,REMOVED,0,,SIM-1001-101,dlariviere,IEX,361425793300914,,FILL
T3JPM,2019-Oct-10 13:59:22.307000,JPM,-93,114.540000,0.350210,REMOVED,0,,SIM-1001-101,dlariviere,IEX,361425793300915,,FILL
T3JPM,2019-Oct-10 14:08:15.213000,JPM,100,114.040000,0.120000,REMOVED,0,,SIM-1001-101,dlariviere,IEX,361425793300916,,FILL
T3JPM,2019-Oct-10 14:11:00.106000,JPM,-100,113.940000,0.375226,REMOVED,0,,SIM-1001-101,dlariviere,IEX,361425793300917,,FILL
T3JPM,2019-Oct-10 14:12:51.136000,JPM,100,113.960000,0.120000,REMOVED,0,,SIM-1001-101,dlariviere,IEX,361425793300918,,FILL
T3JPM,2019-Oct-10 14:13:09.643000,JPM,-100,113.880000,0.375091,REMOVED,0,,SIM-1001-101,dlariviere,IEX,361425793300919,,FILL
T3JPM,2019-Oct-10 14:14:53.844000,JPM,100,113.940000,0.120000,REMOVED,0,,SIM-1001-101,dlariviere,IEX,361425793300920,,FILL
T3JPM,2019-Oct-10 14:17:50.131000,JPM,1,114.060000,0.001200,REMOVED,0,,SIM-1001-101,dlariviere,IEX,361425793300922,,FILL
T3JPM,2019-Oct-10 14:20:03.703000,JPM,-101,114.070000,0.379272,REMOVED,0,,SIM-1001-101,dlariviere,IEX,361425793300923,,FILL
T3JPM,2019-Oct-10 14:30:26.300000,JPM,1,114.250000,0.001200,REMOVED,0,,SIM-1001-101,dlariviere,IEX,361425793300924,,FILL
T3JPM,2019-Oct-10 14:31:59.333000,JPM,-1,114.160000,0.003757,REMOVED,0,,SIM-1001-101,dlariviere,IEX,361425793300925,,FILL
T3JPM,2019-Oct-10 14:33:35.629000,JPM,1,114.250000,0.001200,REMOVED,0,,SIM-1001-101,dlariviere,IEX,361425793300926,,FILL
T3JPM,2019-Oct-10 14:47:59.590000,JPM,-1,114.530000,0.003765,REMOVED,0,,SIM-1001-101,dlariviere,IEX,361425793300927,,FILL
T3JPM,2019-Oct-10 15:17:58.315000,JPM,2,114.940000,0.002400,REMOVED,0,,SIM-1001-101,dlariviere,IEX,361425793300934,,FILL
T3JPM,2019-Oct-10 15:20:25.264000,JPM,-2,114.900000,0.007548,REMOVED,0,,SIM-1001-101,dlariviere,IEX,361425793300935,,FILL
T3JPM,2019-Oct-10 15:40:55.501000,JPM,11,114.930000,0.013200,REMOVED,0,,SIM-1001-101,dlariviere,IEX,361425793300940,,FILL
T3JPM,2019-Oct-10 15:55:45.522000,JPM,83,115.070000,0.099600,REMOVED,0,,SIM-1001-101,dlariviere,IEX,361425793300942,,FILL
T3JPM,2019-Oct-10 16:23:11.508000,JPM,97,115.340000,0.116400,REMOVED,0,,SIM-1001-101,dlariviere,IEX,361425793300944,,FILL
T3JPM,2019-Oct-10 16:25:32.754000,JPM,-191,115.320000,0.722585,REMOVED,0,,SIM-1001-101,dlariviere,IEX,361425793300945,,FILL
T3JPM,2019-Oct-10 16:36:30.956000,JPM,1,115.020000,0.001200,REMOVED,0,,SIM-1001-101,dlariviere,IEX,361425793300946,,FILL
T3JPM,2019-Oct-10 16:54:29.689000,JPM,100,115.200000,0.120000,REMOVED,0,,SIM-1001-101,dlariviere,IEX,361425793300948,,FILL
T3JPM,2019-Oct-10 17:03:19.750000,JPM,-101,115.210000,0.381851,REMOVED,0,,SIM-1001-101,dlariviere,IEX,361425793300949,,FILL
T3JPM,2019-Oct-10 17:40:18.426000,JPM,100,114.840000,0.120000,REMOVED,0,,SIM-1001-101,dlariviere,IEX,361425793300950,,FILL
T3JPM,2019-Oct-10 17:47:22.370000,JPM,100,114.770000,0.120000,REMOVED,0,,SIM-1001-101,dlariviere,IEX,361425793300952,,FILL
T3JPM,2019-Oct-10 17:57:07.665000,JPM,-200,114.940000,0.754931,REMOVED,0,,SIM-1001-101,dlariviere,IEX,361425793300953,,FILL
T3JPM,2019-Oct-10 18:01:58.949000,JPM,3,114.890000,0.003600,REMOVED,0,,SIM-1001-101,dlariviere,IEX,361425793300954,,FILL
T3JPM,2019-Oct-10 18:07:04.385000,JPM,-3,114.730000,0.011310,REMOVED,0,,SIM-1001-101,dlariviere,IEX,361425793300955,,FILL
T3JPM,2019-Oct-10 18:09:15.393000,JPM,1,114.240000,0.001200,REMOVED,0,,SIM-1001-101,dlariviere,IEX,361425793300956,,FILL
T3JPM,2019-Oct-10 18:38:39.130000,JPM,-1,114.240000,0.003759,REMOVED,0,,SIM-1001-101,dlariviere,IEX,361425793300959,,FILL
T3JPM,2019-Oct-10 18:46:01.553000,JPM,100,114.260000,0.120000,REMOVED,0,,SIM-1001-101,dlariviere,IEX,361425793300960,,FILL
T3JPM,2019-Oct-10 19:02:33.187000,JPM,100,114.340000,0.120000,REMOVED,0,,SIM-1001-101,dlariviere,IEX,361425793300962,,FILL
T3JPM,2019-Oct-10 19:11:02.539000,JPM,100,114.320000,0.120000,REMOVED,0,,SIM-1001-101,dlariviere,IEX,361425793300964,,FILL
T3JPM,2019-Oct-10 19:13:20.993000,JPM,100,114.320000,0.120000,REMOVED,0,,SIM-1001-101,dlariviere,IEX,361425793300966,,FILL
T3JPM,2019-Oct-10 19:16:27.424000,JPM,-400,114.270000,1.503859,REMOVED,0,,SIM-1001-101,dlariviere,IEX,361425793300967,,FILL
T3JPM,2019-Oct-10 19:59:58.173000,JPM,400,114.170000,0.480000,REMOVED,0,,SIM-1001-101,dlariviere,IEX,361425793300970,,FILL
T3JPM,2019-Oct-11 13:30:39.584000,JPM,10,116.270000,0.012000,REMOVED,0,,SIM-1001-101,dlariviere,IEX,361425793300972,,FILL
T3JPM,2019-Oct-11 13:32:36.779000,JPM,-410,116.290000,1.560007,REMOVED,0,,SIM-1001-101,dlariviere,IEX,361425793300973,,FILL
T3JPM,2019-Oct-11 13:33:14.812000,JPM,100,116.390000,0.120000,REMOVED,0,,SIM-1001-101,dlariviere,IEX,361425793300974,,FILL
T3JPM,2019-Oct-11 13:35:28.907000,JPM,-100,116.500000,0.380960,REMOVED,0,,SIM-1001-101,dlariviere,IEX,361425793300975,,FILL
T3JPM,2019-Oct-11 13:35:47.752000,JPM,100,116.580000,0.120000,REMOVED,0,,SIM-1001-101,dlariviere,IEX,361425793300976,,FILL
T3JPM,2019-Oct-11 13:36:15.676000,JPM,-100,116.610000,0.381206,REMOVED,0,,SIM-1001-101,dlariviere,IEX,361425793300977,,FILL
T3JPM,2019-Oct-11 13:38:33.292000,JPM,100,116.060000,0.120000,REMOVED,0,,SIM-1001-101,dlariviere,IEX,361425793300978,,FILL
T3JPM,2019-Oct-11 13:39:24.802000,JPM,-100,115.950000,0.379728,REMOVED,0,,SIM-1001-101,dlariviere,IEX,361425793300979,,FILL
T3JPM,2019-Oct-11 13:39:37.439000,JPM,100,115.940000,0.120000,REMOVED,0,,SIM-1001-101,dlariviere,IEX,361425793300980,,FILL
T3JPM,2019-Oct-11 13:41:22.991000,JPM,-100,116.050000,0.379952,REMOVED,0,,SIM-1001-101,dlariviere,IEX,361425793300981,,FILL
T3JPM,2019-Oct-11 13:49:20.945000,JPM,500,116.410000,0.600000,REMOVED,0,,SIM-1001-101,dlariviere,IEX,361425793300984,,FILL
T3JPM,2019-Oct-11 13:49:24.515000,JPM,-500,116.340000,1.903008,REMOVED,0,,SIM-1001-101,dlariviere,IEX,361425793300985,,FILL
T3JPM,2019-Oct-11 13:49:32.872000,JPM,100,116.380000,0.120000,REMOVED,0,,SIM-1001-101,dlariviere,IEX,361425793300986,,FILL
T3JPM,2019-Oct-11 13:52:03.740000,JPM,-100,116.490000,0.380938,REMOVED,0,,SIM-1001-101,dlariviere,IEX,361425793300987,,FILL
T3JPM,2019-Oct-11 13:52:52.859000,JPM,150,116.480000,0.180000,REMOVED,0,,SIM-1001-101,dlariviere,IEX,361425793300990,,FILL
T3JPM,2019-Oct-11 13:53:46.294000,JPM,100,116.440000,0.120000,REMOVED,0,,SIM-1001-101,dlariviere,IEX,361425793300992,,FILL
T3JPM,2019-Oct-11 13:54:47.516000,JPM,-250,116.330000,0.951448,REMOVED,0,,SIM-1001-101,dlariviere,IEX,361425793300993,,FILL
T3JPM,2019-Oct-11 13:55:01.126000,JPM,100,116.340000,0.120000,REMOVED,0,,SIM-1001-101,dlariviere,IEX,361425793300994,,FILL
T3JPM,2019-Oct-11 13:55:23.652000,JPM,-100,116.300000,0.380512,REMOVED,0,,SIM-1001-101,dlariviere,IEX,361425793300995,,FILL
T3JPM,2019-Oct-11 13:57:32.990000,JPM,85,116.380000,0.102000,REMOVED,0,,SIM-1001-101,dlariviere,IEX,361425793300996,,FILL
T3JPM,2019-Oct-11 14:00:33.336000,JPM,-85,116.460000,0.323740,REMOVED,0,,SIM-1001-101,dlariviere,IEX,361425793300997,,FILL
T3JPM,2019-Oct-11 14:00:45.690000,JPM,100,116.520000,0.120000,REMOVED,0,,SIM-1001-101,dlariviere,IEX,361425793300998,,FILL
T3JPM,2019-Oct-11 14:02:17.898000,JPM,-100,116.560000,0.381094,REMOVED,0,,SIM-1001-101,dlariviere,IEX,361425793300999,,FILL
T3JPM,2019-Oct-11 14:14:41.861000,JPM,1,117.040000,0.001200,REMOVED,0,,SIM-1001-101,dlariviere,IEX,361425793301002,,FILL
T3JPM,2019-Oct-11 14:15:00.734000,JPM,-1,116.990000,0.003821,REMOVED,0,,SIM-1001-101,dlariviere,IEX,361425793301003,,FILL
T3JPM,2019-Oct-11 14:21:17.746000,JPM,100,117.220000,0.120000,REMOVED,0,,SIM-1001-101,dlariviere,IEX,361425793301008,,FILL
T3JPM,2019-Oct-11 14:22:19.757000,JPM,-100,117.100000,0.382304,REMOVED,0,,SIM-1001-101,dlariviere,IEX,361425793301009,,FILL
T3JPM,2019-Oct-11 14:27:35.778000,JPM,1,117.140000,0.001200,REMOVED,0,,SIM-1001-101,dlariviere,IEX,361425793301010,,FILL
T3JPM,2019-Oct-11 14:30:15.990000,JPM,-1,117.170000,0.003825,REMOVED,0,,SIM-1001-101,dlariviere,IEX,361425793301011,,FILL
T3JPM,2019-Oct-11 14:41:14.371000,JPM,1,116.910000,0.001200,REMOVED,0,,SIM-1001-101,dlariviere,IEX,361425793301012,,FILL
T3JPM,2019-Oct-11 15:01:03.704000,JPM,1,117.290000,0.001200,REMOVED,0,,SIM-1001-101,dlariviere,IEX,361425793301014,,FILL
T3JPM,2019-Oct-11 15:04:57.328000,JPM,-2,117.550000,0.007666,REMOVED,0,,SIM-1001-101,dlariviere,IEX,361425793301015,,FILL
T3JPM,2019-Oct-11 15:05:05.301000,JPM,100,117.620000,0.120000,REMOVED,0,,SIM-1001-101,dlariviere,IEX,361425793301016,,FILL
T3JPM,2019-Oct-11 15:06:17.777000,JPM,-100,117.500000,0.383200,REMOVED,0,,SIM-1001-101,dlariviere,IEX,361425793301019,,FILL
T3JPM,2019-Oct-11 15:16:42.952000,JPM,1,117.630000,0.001200,REMOVED,0,,SIM-1001-101,dlariviere,IEX,361425793301022,,FILL
T3JPM,2019-Oct-11 15:18:33.725000,JPM,-1,117.590000,0.003834,REMOVED,0,,SIM-1001-101,dlariviere,IEX,361425793301023,,FILL
T3JPM,2019-Oct-11 15:18:57.411000,JPM,100,117.670000,0.120000,REMOVED,0,,SIM-1001-101,dlariviere,IEX,361425793301024,,FILL
T3JPM,2019-Oct-11 15:31:16.514000,JPM,100,117.930000,0.120000,REMOVED,0,,SIM-1001-101,dlariviere,IEX,361425793301026,,FILL
T3JPM,2019-Oct-11 15:31:40.531000,JPM,-200,117.880000,0.768102,REMOVED,0,,SIM-1001-101,dlariviere,IEX,361425793301027,,FILL
T3JPM,2019-Oct-11 15:34:02.489000,JPM,1,117.900000,0.001200,REMOVED,0,,SIM-1001-101,dlariviere,IEX,361425793301028,,FILL
T3JPM,2019-Oct-11 15:37:08.980000,JPM,-1,117.900000,0.003841,REMOVED,0,,SIM-1001-101,dlariviere,IEX,361425793301029,,FILL
T3JPM,2019-Oct-11 15:41:12.757000,JPM,100,117.860000,0.120000,REMOVED,0,,SIM-1001-101,dlariviere,IEX,361425793301030,,FILL
T3JPM,2019-Oct-11 15:42:36.504000,JPM,-100,117.810000,0.383894,REMOVED,0,,SIM-1001-101,dlariviere,IEX,361425793301031,,FILL
T3JPM,2019-Oct-11 15:47:46.971000,JPM,29,117.600000,0.034800,REMOVED,0,,SIM-1001-101,dlariviere,IEX,361425793301032,,FILL
T3JPM,2019-Oct-11 15:47:52.743000,JPM,-29,117.570000,0.111173,REMOVED,0,,SIM-1001-101,dlariviere,IEX,361425793301033,,FILL
T3JPM,2019-Oct-11 16:00:24.952000,JPM,1,117.490000,0.001200,REMOVED,0,,SIM-1001-101,dlariviere,IEX,361425793301036,,FILL
T3JPM,2019-Oct-11 16:02:49.357000,JPM,-1,117.320000,0.003828,REMOVED,0,,SIM-1001-101,dlariviere,IEX,361425793301037,,FILL
T3JPM,2019-Oct-11 16:17:16.220000,JPM,1,117.080000,0.001200,REMOVED,0,,SIM-1001-101,dlariviere,IEX,361425793301042,,FILL
T3JPM,2019-Oct-11 16:22:18.610000,JPM,2,117.040000,0.002400,REMOVED,0,,SIM-1001-101,dlariviere,IEX,361425793301044,,FILL
T3JPM,2019-Oct-11 16:34:44.940000,JPM,15,116.990000,0.018000,REMOVED,0,,SIM-1001-101,dlariviere,IEX,361425793301048,,FILL
T3JPM,2019-Oct-11 16:44:18.353000,JPM,-18,116.790000,0.068690,REMOVED,0,,SIM-1001-101,dlariviere,IEX,361425793301049,,FILL
T3JPM,2019-Oct-11 16:45:21.871000,JPM,11,116.830000,0.013200,REMOVED,0,,SIM-1001-101,dlariviere,IEX,361425793301050,,FILL
T3JPM,2019-Oct-11 16:57:03.444000,JPM,-11,116.870000,0.041997,REMOVED,0,,SIM-1001-101,dlariviere,IEX,361425793301055,,FILL
T3JPM,2019-Oct-11 17:27:29.348000,JPM,200,117.170000,0.240000,REMOVED,0,,SIM-1001-101,dlariviere,IEX,361425793301064,,FILL
T3JPM,2019-Oct-11 17:28:35.349000,JPM,-200,117.180000,0.764966,REMOVED,0,,SIM-1001-101,dlariviere,IEX,361425793301065,,FILL
T3JPM,2019-Oct-11 17:32:36.491000,JPM,300,117.190000,0.360000,REMOVED,0,,SIM-1001-101,dlariviere,IEX,361425793301068,,FILL
T3JPM,2019-Oct-11 17:40:11.816000,JPM,294,117.320000,0.352800,REMOVED,0,,SIM-1001-101,dlariviere,IEX,361425793301070,,FILL
T3JPM,2019-Oct-11 17:58:08.373000,JPM,-594,117.490000,2.276075,REMOVED,0,,SIM-1001-101,dlariviere,IEX,361425793301071,,FILL
T3JPM,2019-Oct-11 18:10:35.234000,JPM,100,117.530000,0.120000,REMOVED,0,,SIM-1001-101,dlariviere,IEX,361425793301072,,FILL
T3JPM,2019-Oct-11 19:23:17.732000,JPM,1,117.170000,0.001200,REMOVED,0,,SIM-1001-101,dlariviere,IEX,361425793301074,,FILL
T3JPM,2019-Oct-11 19:23:41.644000,JPM,-101,117.080000,0.386082,REMOVED,0,,SIM-1001-101,dlariviere,IEX,361425793301075,,FILL
T3JPM,2019-Oct-11 19:34:29.355000,JPM,2,117.290000,0.002400,REMOVED,0,,SIM-1001-101,dlariviere,IEX,361425793301078,,FILL
T3JPM,2019-Oct-11 19:38:19.201000,JPM,-2,117.310000,0.007655,REMOVED,0,,SIM-1001-101,dlariviere,IEX,361425793301079,,FILL
T3JPM,2019-Oct-11 19:44:04.363000,JPM,1,117.480000,0.001200,REMOVED,0,,SIM-1001-101,dlariviere,IEX,361425793301082,,FILL
T3JPM,2019-Oct-11 19:44:10.121000,JPM,-1,117.370000,0.003829,REMOVED,0,,SIM-1001-101,dlariviere,IEX,361425793301083,,FILL
T3JPM,2019-Oct-11 19:47:40.678000,JPM,100,116.820000,0.120000,REMOVED,0,,SIM-1001-101,dlariviere,IEX,361425793301084,,FILL
T3JPM,2019-Oct-11 19:48:10.482000,JPM,-100,116.730000,0.381475,REMOVED,0,,SIM-1001-101,dlariviere,IEX,361425793301085,,FILL
T3JPM,2019-Oct-11 19:48:42.512000,JPM,100,116.690000,0.120000,REMOVED,0,,SIM-1001-101,dlariviere,IEX,361425793301086,,FILL
T3JPM,2019-Oct-11 19:51:04.250000,JPM,100,116.660000,0.120000,REMOVED,0,,SIM-1001-101,dlariviere,IEX,361425793301088,,FILL
T3JPM,2019-Oct-11 19:52:24.694000,JPM,-200,116.700000,0.762816,REMOVED,0,,SIM-1001-101,dlariviere,IEX,361425793301089,,FILL
T3JPM,2019-Oct-14 13:30:22.263000,JPM,100,115.800000,0.120000,REMOVED,0,,SIM-1001-101,dlariviere,IEX,361425793301090,,FILL
T3JPM,2019-Oct-14 13:32:45.493000,JPM,-100,116.050000,0.379952,REMOVED,0,,SIM-1001-101,dlariviere,IEX,361425793301091,,FILL
T3JPM,2019-Oct-14 13:33:10.829000,JPM,100,116.170000,0.120000,REMOVED,0,,SIM-1001-101,dlariviere,IEX,361425793301092,,FILL
T3JPM,2019-Oct-14 13:34:19.395000,JPM,-100,116.060000,0.379974,REMOVED,0,,SIM-1001-101,dlariviere,IEX,361425793301093,,FILL
T3JPM,2019-Oct-14 13:34:24.605000,JPM,2,116.120000,0.002400,REMOVED,0,,SIM-1001-101,dlariviere,IEX,361425793301094,,FILL
T3JPM,2019-Oct-14 13:37:06.737000,JPM,-2,116.020000,0.007598,REMOVED,0,,SIM-1001-101,dlariviere,IEX,361425793301095,,FILL
T3JPM,2019-Oct-14 13:41:28.804000,JPM,100,116.020000,0.120000,REMOVED,0,,SIM-1001-101,dlariviere,IEX,361425793301096,,FILL
T3JPM,2019-Oct-14 13:44:50.955000,JPM,-100,116.190000,0.380266,REMOVED,0,,SIM-1001-101,dlariviere,IEX,361425793301097,,FILL
T3JPM,2019-Oct-14 13:45:41.454000,JPM,100,116.270000,0.120000,REMOVED,0,,SIM-1001-101,dlariviere,IEX,361425793301098,,FILL
T3JPM,2019-Oct-14 14:19:14.820000,JPM,-100,116.260000,0.380422,REMOVED,0,,SIM-1001-101,dlariviere,IEX,361425793301103,,FILL
T3JPM,2019-Oct-14 14:31:00.370000,JPM,100,116.110000,0.120000,REMOVED,0,,SIM-1001-101,dlariviere,IEX,361425793301104,,FILL
T3JPM,2019-Oct-14 14:37:13.747000,JPM,-100,116.090000,0.380042,REMOVED,0,,SIM-1001-101,dlariviere,IEX,361425793301105,,FILL
T3JPM,2019-Oct-14 15:30:17.640000,JPM,100,116.580000,0.120000,REMOVED,0,,SIM-1001-101,dlariviere,IEX,361425793301110,,FILL
T3JPM,2019-Oct-14 16:31:21.422000,JPM,7,116.740000,0.008400,REMOVED,0,,SIM-1001-101,dlariviere,IEX,361425793301114,,FILL
T3JPM,2019-Oct-14 16:33:17.281000,JPM,-107,116.640000,0.407963,REMOVED,0,,SIM-1001-101,dlariviere,IEX,361425793301115,,FILL
T3JPM,2019-Oct-14 19:18:54.274000,JPM,3,116.350000,0.003600,REMOVED,0,,SIM-1001-101,dlariviere,IEX,361425793301118,,FILL
T3JPM,2019-Oct-14 19:36:06.343000,JPM,3,116.270000,0.003600,REMOVED,0,,SIM-1001-101,dlariviere,IEX,361425793301120,,FILL
T3JPM,2019-Oct-15 13:30:11.622000,JPM,100,118.830000,0.120000,REMOVED,0,,SIM-1001-101,dlariviere,IEX,361425793301122,,FILL
T3JPM,2019-Oct-15 13:30:13.696000,JPM,-106,118.830000,0.409350,REMOVED,0,,SIM-1001-101,dlariviere,IEX,361425793301123,,FILL
T3JPM,2019-Oct-15 13:30:17.636000,JPM,100,118.790000,0.120000,REMOVED,0,,SIM-1001-101,dlariviere,IEX,361425793301124,,FILL
T3JPM,2019-Oct-15 13:30:17.703000,JPM,-100,118.730000,0.385955,REMOVED,0,,SIM-1001-101,dlariviere,IEX,361425793301125,,FILL
T3JPM,2019-Oct-15 13:30:26.154000,JPM,100,118.760000,0.120000,REMOVED,0,,SIM-1001-101,dlariviere,IEX,361425793301126,,FILL
T3JPM,2019-Oct-15 13:30:28.951000,JPM,-100,118.740000,0.385978,REMOVED,0,,SIM-1001-101,dlariviere,IEX,361425793301127,,FILL
T3JPM,2019-Oct-15 13:30:47.410000,JPM,100,118.740000,0.120000,REMOVED,0,,SIM-1001-101,dlariviere,IEX,361425793301128,,FILL
T3JPM,2019-Oct-15 13:30:52.707000,JPM,100,118.520000,0.120000,REMOVED,0,,SIM-1001-101,dlariviere,IEX,361425793301130,,FILL
T3JPM,2019-Oct-15 13:30:54.643000,JPM,-200,118.420000,0.770522,REMOVED,0,,SIM-1001-101,dlariviere,IEX,361425793301131,,FILL
T3JPM,2019-Oct-15 13:30:54.661000,JPM,100,118.530000,0.120000,REMOVED,0,,SIM-1001-101,dlariviere,IEX,361425793301132,,FILL
T3JPM,2019-Oct-15 13:31:01.859000,JPM,-100,118.700000,0.385888,REMOVED,0,,SIM-1001-101,dlariviere,IEX,361425793301133,,FILL
T3JPM,2019-Oct-15 13:31:03.293000,JPM,100,118.780000,0.120000,REMOVED,0,,SIM-1001-101,dlariviere,IEX,361425793301134,,FILL
T3JPM,2019-Oct-15 13:31:10.800000,JPM,-100,118.690000,0.385866,REMOVED,0,,SIM-1001-101,dlariviere,IEX,361425793301135,,FILL
T3JPM,2019-Oct-15 13:31:13.496000,JPM,100,118.710000,0.120000,REMOVED,0,,SIM-1001-101,dlariviere,IEX,361425793301136,,FILL
T3JPM,2019-Oct-15 13:31:28.559000,JPM,-100,118.710000,0.385910,REMOVED,0,,SIM-1001-101,dlariviere,IEX,361425793301137,,FILL
T3JPM,2019-Oct-15 13:32:13.802000,JPM,100,118.490000,0.120000,REMOVED,0,,SIM-1001-101,dlariviere,IEX,361425793301138,,FILL
T3JPM,2019-Oct-15 13:32:21.288000,JPM,-100,118.410000,0.385238,REMOVED,0,,SIM-1001-101,dlariviere,IEX,361425793301139,,FILL
T3JPM,2019-Oct-15 13:32:52.988000,JPM,100,118.170000,0.120000,REMOVED,0,,SIM-1001-101,dlariviere,IEX,361425793301140,,FILL
T3JPM,2019-Oct-15 13:32:53.219000,JPM,-100,118.100000,0.384544,REMOVED,0,,SIM-1001-101,dlariviere,IEX,361425793301141,,FILL
T3JPM,2019-Oct-15 13:32:59.917000,JPM,100,118.180000,0.120000,REMOVED,0,,SIM-1001-101,dlariviere,IEX,361425793301142,,FILL
T3JPM,2019-Oct-15 13:33:03.823000,JPM,200,118.170000,0.240000,REMOVED,0,,SIM-1001-101,dlariviere,IEX,361425793301144,,FILL
T3JPM,2019-Oct-15 13:33:21.910000,JPM,-300,118.220000,1.154438,REMOVED,0,,SIM-1001-101,dlariviere,IEX,361425793301145,,FILL
T3JPM,2019-Oct-15 13:33:24.980000,JPM,100,118.350000,0.120000,REMOVED,0,,SIM-1001-101,dlariviere,IEX,361425793301146,,FILL
T3JPM,2019-Oct-15 13:33:39.701000,JPM,100,118.250000,0.120000,REMOVED,0,,SIM-1001-101,dlariviere,IEX,361425793301148,,FILL
T3JPM,2019-Oct-15 13:33:41.135000,JPM,-200,118.150000,0.769312,REMOVED,0,,SIM-1001-101,dlariviere,IEX,361425793301149,,FILL
T3JPM,2019-Oct-15 13:34:12.693000,JPM,50,118.080000,0.060000,REMOVED,0,,SIM-1001-101,dlariviere,IEX,361425793301150,,FILL
T3JPM,2019-Oct-15 13:35:34.570000,JPM,-50,118.360000,0.192563,REMOVED,0,,SIM-1001-101,dlariviere,IEX,361425793301153,,FILL
T3JPM,2019-Oct-15 13:36:52.176000,JPM,100,118.640000,0.120000,REMOVED,0,,SIM-1001-101,dlariviere,IEX,361425793301156,,FILL
T3JPM,2019-Oct-15 13:36:56.427000,JPM,-100,118.570000,0.385597,REMOVED,0,,SIM-1001-101,dlariviere,IEX,361425793301157,,FILL
T3JPM,2019-Oct-15 13:38:29.447000,JPM,100,118.480000,0.120000,REMOVED,0,,SIM-1001-101,dlariviere,IEX,361425793301160,,FILL
T3JPM,2019-Oct-15 13:39:04.773000,JPM,-100,118.650000,0.385776,REMOVED,0,,SIM-1001-101,dlariviere,IEX,361425793301161,,FILL
T3JPM,2019-Oct-15 13:39:12.105000,JPM,100,118.820000,0.120000,REMOVED,0,,SIM-1001-101,dlariviere,IEX,361425793301162,,FILL
T3JPM,2019-Oct-15 13:39:29.761000,JPM,-100,118.740000,0.385978,REMOVED,0,,SIM-1001-101,dlariviere,IEX,361425793301163,,FILL
T3JPM,2019-Oct-15 13:41:16.121000,JPM,100,118.580000,0.120000,REMOVED,0,,SIM-1001-101,dlariviere,IEX,361425793301166,,FILL
T3JPM,2019-Oct-15 13:43:09.926000,JPM,100,118.990000,0.120000,REMOVED,0,,SIM-1001-101,dlariviere,IEX,361425793301168,,FILL
T3JPM,2019-Oct-15 13:43:39.853000,JPM,-200,119.040000,0.773299,REMOVED,0,,SIM-1001-101,dlariviere,IEX,361425793301169,,FILL
T3JPM,2019-Oct-15 13:43:52.771000,JPM,100,119.110000,0.120000,REMOVED,0,,SIM-1001-101,dlariviere,IEX,361425793301170,,FILL
T3JPM,2019-Oct-15 13:45:06.900000,JPM,-100,119.070000,0.386717,REMOVED,0,,SIM-1001-101,dlariviere,IEX,361425793301171,,FILL
T3JPM,2019-Oct-15 13:46:54.236000,JPM,100,118.640000,0.120000,REMOVED,0,,SIM-1001-101,dlariviere,IEX,361425793301172,,FILL
T3JPM,2019-Oct-15 13:47:40.538000,JPM,-100,118.590000,0.385642,REMOVED,0,,SIM-1001-101,dlariviere,IEX,361425793301173,,FILL
T3JPM,2019-Oct-15 13:48:24.226000,JPM,100,118.470000,0.120000,REMOVED,0,,SIM-1001-101,dlariviere,IEX,361425793301174,,FILL
T3JPM,2019-Oct-15 13:48:31.536000,JPM,-100,118.320000,0.385037,REMOVED,0,,SIM-1001-101,dlariviere,IEX,361425793301175,,FILL
T3JPM,2019-Oct-15 13:48:58.986000,JPM,100,118.370000,0.120000,REMOVED,0,,SIM-1001-101,dlariviere,IEX,361425793301176,,FILL
T3JPM,2019-Oct-15 13:49:36.579000,JPM,100,118.230000,0.120000,REMOVED,0,,SIM-1001-101,dlariviere,IEX,361425793301178,,FILL
T3JPM,2019-Oct-15 13:49:56.117000,JPM,-200,118.200000,0.769536,REMOVED,0,,SIM-1001-101,dlariviere,IEX,361425793301179,,FILL
T3JPM,2019-Oct-15 13:51:01.156000,JPM,100,118.230000,0.120000,REMOVED,0,,SIM-1001-101,dlariviere,IEX,361425793301182,,FILL
T3JPM,2019-Oct-15 13:51:33.637000,JPM,-100,118.320000,0.385037,REMOVED,0,,SIM-1001-101,dlariviere,IEX,361425793301183,,FILL
T3JPM,2019-Oct-15 13:52:29.531000,JPM,100,118.390000,0.120000,REMOVED,0,,SIM-1001-101,dlariviere,IEX,361425793301184,,FILL
T3JPM,2019-Oct-15 13:52:46.962000,JPM,-100,118.360000,0.385126,REMOVED,0,,SIM-1001-101,dlariviere,IEX,361425793301185,,FILL
T3JPM,2019-Oct-15 13:53:12.496000,JPM,100,118.420000,0.120000,REMOVED,0,,SIM-1001-101,dlariviere,IEX,361425793301186,,FILL
T3JPM,2019-Oct-15 13:54:47.365000,JPM,-100,118.410000,0.385238,REMOVED,0,,SIM-1001-101,dlariviere,IEX,361425793301187,,FILL
T3JPM,2019-Oct-15 13:58:16.617000,JPM,100,118.540000,0.120000,REMOVED,0,,SIM-1001-101,dlariviere,IEX,361425793301190,,FILL
T3JPM,2019-Oct-15 13:58:32.916000,JPM,-100,118.510000,0.385462,REMOVED,0,,SIM-1001-101,dlariviere,IEX,361425793301191,,FILL
T3JPM,2019-Oct-15 14:02:06.125000,JPM,100,118.640000,0.120000,REMOVED,0,,SIM-1001-101,dlariviere,IEX,361425793301192,,FILL
T3JPM,2019-Oct-15 14:05:30.245000,JPM,-100,118.890000,0.386314,REMOVED,0,,SIM-1001-101,dlariviere,IEX,361425793301193,,FILL
T3JPM,2019-Oct-15 14:06:32.545000,JPM,100,118.860000,0.120000,REMOVED,0,,SIM-1001-101,dlariviere,IEX,361425793301194,,FILL
T3JPM,2019-Oct-15 14:20:28.489000,JPM,-100,119.470000,0.387613,REMOVED,0,,SIM-1001-101,dlariviere,IEX,361425793301195,,FILL
T3JPM,2019-Oct-15 14:22:05.502000,JPM,100,119.400000,0.120000,REMOVED,0,,SIM-1001-101,dlariviere,IEX,361425793301196,,FILL
T3JPM,2019-Oct-15 14:22:23.745000,JPM,-100,119.350000,0.387344,REMOVED,0,,SIM-1001-101,dlariviere,IEX,361425793301197,,FILL
T3JPM,2019-Oct-15 14:32:21.586000,JPM,50,119.820000,0.060000,REMOVED,0,,SIM-1001-101,dlariviere,IEX,361425793301200,,FILL
T3JPM,2019-Oct-15 14:35:42.878000,JPM,100,119.750000,0.120000,REMOVED,0,,SIM-1001-101,dlariviere,IEX,361425793301202,,FILL
T3JPM,2019-Oct-15 14:40:55.570000,JPM,-150,120.020000,0.583267,REMOVED,0,,SIM-1001-101,dlariviere,IEX,361425793301203,,FILL
T3JPM,2019-Oct-15 14:41:19.897000,JPM,100,120.040000,0.120000,REMOVED,0,,SIM-1001-101,dlariviere,IEX,361425793301204,,FILL
T3JPM,2019-Oct-15 14:41:30.953000,JPM,-100,119.970000,0.388733,REMOVED,0,,SIM-1001-101,dlariviere,IEX,361425793301205,,FILL
T3JPM,2019-Oct-15 14:42:04.630000,JPM,18,120.030000,0.021600,REMOVED,0,,SIM-1001-101,dlariviere,IEX,361425793301206,,FILL
T3JPM,2019-Oct-15 14:43:34.593000,JPM,100,119.780000,0.120000,REMOVED,0,,SIM-1001-101,dlariviere,IEX,361425793301208,,FILL
T3JPM,2019-Oct-15 15:05:08.499000,JPM,-118,120.690000,0.460608,REMOVED,0,,SIM-1001-101,dlariviere,IEX,361425793301209,,FILL
T3JPM,2019-Oct-15 15:05:31.938000,JPM,21,120.800000,0.025200,REMOVED,0,,SIM-1001-101,dlariviere,IEX,361425793301210,,FILL
T3JPM,2019-Oct-15 15:07:41.336000,JPM,-21,121.000000,0.082118,REMOVED,0,,SIM-1001-101,dlariviere,IEX,361425793301211,,FILL
T3JPM,2019-Oct-15 15:10:01.479000,JPM,100,121.000000,0.120000,REMOVED,0,,SIM-1001-101,dlariviere,IEX,361425793301212,,FILL
T3JPM,2019-Oct-15 15:12:45.524000,JPM,100,120.770000,0.120000,REMOVED,0,,SIM-1001-101,dlariviere,IEX,361425793301214,,FILL
T3JPM,2019-Oct-15 15:13:25.480000,JPM,-200,120.650000,0.780512,REMOVED,0,,SIM-1001-101,dlariviere,IEX,361425793301215,,FILL
T3JPM,2019-Oct-15 15:14:07.145000,JPM,100,120.700000,0.120000,REMOVED,0,,SIM-1001-101,dlariviere,IEX,361425793301216,,FILL
T3JPM,2019-Oct-15 15:15:27.985000,JPM,-100,120.780000,0.390547,REMOVED,0,,SIM-1001-101,dlariviere,IEX,361425793301217,,FILL
T3JPM,2019-Oct-15 15:25:17.137000,JPM,100,120.990000,0.120000,REMOVED,0,,SIM-1001-101,dlariviere,IEX,361425793301222,,FILL
T3JPM,2019-Oct-15 15:27:19.109000,JPM,-100,121.000000,0.391040,REMOVED,0,,SIM-1001-101,dlariviere,IEX,361425793301223,,FILL
T3JPM,2019-Oct-15 15:28:34.709000,JPM,2,121.080000,0.002400,REMOVED,0,,SIM-1001-101,dlariviere,IEX,361425793301224,,FILL
T3JPM,2019-Oct-15 15:30:50.830000,JPM,-2,121.000000,0.007821,REMOVED,0,,SIM-1001-101,dlariviere,IEX,361425793301225,,FILL
T3JPM,2019-Oct-15 15:36:11.505000,JPM,100,121.060000,0.120000,REMOVED,0,,SIM-1001-101,dlariviere,IEX,361425793301226,,FILL
T3JPM,2019-Oct-15 15:37:38.750000,JPM,-100,120.990000,0.391018,REMOVED,0,,SIM-1001-101,dlariviere,IEX,361425793301227,,FILL
T3JPM,2019-Oct-15 15:58:19.885000,JPM,20,121.080000,0.024000,REMOVED,0,,SIM-1001-101,dlariviere,IEX,361425793301232,,FILL
T3JPM,2019-Oct-15 16:12:00.852000,JPM,100,120.930000,0.120000,REMOVED,0,,SIM-1001-101,dlariviere,IEX,361425793301234,,FILL
T3JPM,2019-Oct-15 16:30:01.221000,JPM,-120,121.460000,0.470484,REMOVED,0,,SIM-1001-101,dlariviere,IEX,361425793301235,,FILL
T3JPM,2019-Oct-15 16:32:46.688000,JPM,100,121.400000,0.120000,REMOVED,0,,SIM-1001-101,dlariviere,IEX,361425793301236,,FILL
T3JPM,2019-Oct-15 16:33:07.650000,JPM,-100,121.340000,0.391802,REMOVED,0,,SIM-1001-101,dlariviere,IEX,361425793301237,,FILL
T3JPM,2019-Oct-15 16:34:26.962000,JPM,30,121.450000,0.036000,REMOVED,0,,SIM-1001-101,dlariviere,IEX,361425793301238,,FILL
T3JPM,2019-Oct-15 16:46:10.826000,JPM,-30,121.250000,0.117480,REMOVED,0,,SIM-1001-101,dlariviere,IEX,361425793301239,,FILL
T3JPM,2019-Oct-15 16:55:26.261000,JPM,100,121.290000,0.120000,REMOVED,0,,SIM-1001-101,dlariviere,IEX,361425793301240,,FILL
T3JPM,2019-Oct-15 17:06:27.201000,JPM,-100,121.110000,0.391286,REMOVED,0,,SIM-1001-101,dlariviere,IEX,361425793301241,,FILL
T3JPM,2019-Oct-15 17:29:22.473000,JPM,100,120.680000,0.120000,REMOVED,0,,SIM-1001-101,dlariviere,IEX,361425793301244,,FILL
T3JPM,2019-Oct-15 17:32:39.169000,JPM,-100,120.800000,0.390592,REMOVED,0,,SIM-1001-101,dlariviere,IEX,361425793301245,,FILL
T3JPM,2019-Oct-15 17:33:58.752000,JPM,100,120.840000,0.120000,REMOVED,0,,SIM-1001-101,dlariviere,IEX,361425793301246,,FILL
T3JPM,2019-Oct-15 17:40:49.643000,JPM,-100,120.920000,0.390861,REMOVED,0,,SIM-1001-101,dlariviere,IEX,361425793301247,,FILL
T3JPM,2019-Oct-15 18:07:46.330000,JPM,100,120.620000,0.120000,REMOVED,0,,SIM-1001-101,dlariviere,IEX,361425793301250,,FILL
T3JPM,2019-Oct-15 18:30:05.898000,JPM,-100,120.810000,0.390614,REMOVED,0,,SIM-1001-101,dlariviere,IEX,361425793301253,,FILL
T3JPM,2019-Oct-15 19:15:11.406000,JPM,100,120.290000,0.120000,REMOVED,0,,SIM-1001-101,dlariviere,IEX,361425793301254,,FILL
T3JPM,2019-Oct-15 19:33:33.916000,JPM,-100,120.210000,0.389270,REMOVED,0,,SIM-1001-101,dlariviere,IEX,361425793301255,,FILL
T3JPM,2019-Oct-15 19:34:48.461000,JPM,100,120.170000,0.120000,REMOVED,0,,SIM-1001-101,dlariviere,IEX,361425793301256,,FILL
T3JPM,2019-Oct-15 19:52:59.787000,JPM,-100,120.130000,0.389091,REMOVED,0,,SIM-1001-101,dlariviere,IEX,361425793301257,,FILL
T3JPM,2019-Oct-16 13:30:25.797000,JPM,100,120.170000,0.120000,REMOVED,0,,SIM-1001-101,dlariviere,IEX,361425793301260,,FILL
T3JPM,2019-Oct-16 13:31:19.699000,JPM,100,120.310000,0.120000,REMOVED,0,,SIM-1001-101,dlariviere,IEX,361425793301262,,FILL
T3JPM,2019-Oct-16 13:32:39.502000,JPM,-200,120.220000,0.778586,REMOVED,0,,SIM-1001-101,dlariviere,IEX,361425793301263,,FILL
T3JPM,2019-Oct-16 13:32:48.296000,JPM,100,120.330000,0.120000,REMOVED,0,,SIM-1001-101,dlariviere,IEX,361425793301264,,FILL
T3JPM,2019-Oct-16 13:34:08.477000,JPM,-100,120.310000,0.389494,REMOVED,0,,SIM-1001-101,dlariviere,IEX,361425793301265,,FILL
T3JPM,2019-Oct-16 13:34:26.361000,JPM,50,120.300000,0.060000,REMOVED,0,,SIM-1001-101,dlariviere,IEX,361425793301266,,FILL
T3JPM,2019-Oct-16 13:34:56.899000,JPM,-50,120.240000,0.194669,REMOVED,0,,SIM-1001-101,dlariviere,IEX,361425793301267,,FILL
T3JPM,2019-Oct-16 13:38:05.875000,JPM,100,120.400000,0.120000,REMOVED,0,,SIM-1001-101,dlariviere,IEX,361425793301270,,FILL
T3JPM,2019-Oct-16 13:38:08.673000,JPM,-100,120.350000,0.389584,REMOVED,0,,SIM-1001-101,dlariviere,IEX,361425793301271,,FILL
T3JPM,2019-Oct-16 13:38:35.956000,JPM,100,120.330000,0.120000,REMOVED,0,,SIM-1001-101,dlariviere,IEX,361425793301272,,FILL
T3JPM,2019-Oct-16 13:39:17.216000,JPM,-100,120.230000,0.389315,REMOVED,0,,SIM-1001-101,dlariviere,IEX,361425793301273,,FILL
T3JPM,2019-Oct-16 13:39:25.742000,JPM,100,120.300000,0.120000,REMOVED,0,,SIM-1001-101,dlariviere,IEX,361425793301274,,FILL
T3JPM,2019-Oct-16 13:40:28.663000,JPM,25,120.200000,0.030000,REMOVED,0,,SIM-1001-101,dlariviere,IEX,361425793301276,,FILL
T3JPM,2019-Oct-16 13:40:47.587000,JPM,43,120.200000,0.051600,REMOVED,0,,SIM-1001-101,dlariviere,IEX,361425793301278,,FILL
T3JPM,2019-Oct-16 13:41:55.833000,JPM,-168,120.130000,0.653673,REMOVED,0,,SIM-1001-101,dlariviere,IEX,361425793301279,,FILL
T3JPM,2019-Oct-16 13:45:43.917000,JPM,87,120.130000,0.104400,REMOVED,0,,SIM-1001-101,dlariviere,IEX,361425793301282,,FILL
T3JPM,2019-Oct-16 13:49:08.602000,JPM,200,120.170000,0.240000,REMOVED,0,,SIM-1001-101,dlariviere,IEX,361425793301284,,FILL
T3JPM,2019-Oct-16 13:49:16.832000,JPM,-287,120.130000,1.116692,REMOVED,0,,SIM-1001-101,dlariviere,IEX,361425793301285,,FILL
T3JPM,2019-Oct-16 13:52:13.696000,JPM,100,119.840000,0.120000,REMOVED,0,,SIM-1001-101,dlariviere,IEX,361425793301288,,FILL
T3JPM,2019-Oct-16 13:53:10.337000,JPM,-100,119.830000,0.388419,REMOVED,0,,SIM-1001-101,dlariviere,IEX,361425793301289,,FILL
T3JPM,2019-Oct-16 14:03:07.254000,JPM,100,119.700000,0.120000,REMOVED,0,,SIM-1001-101,dlariviere,IEX,361425793301296,,FILL
T3JPM,2019-Oct-16 14:09:51.691000,JPM,-100,119.770000,0.388285,REMOVED,0,,SIM-1001-101,dlariviere,IEX,361425793301299,,FILL
T3JPM,2019-Oct-16 14:23:26.722000,JPM,100,120.260000,0.120000,REMOVED,0,,SIM-1001-101,dlariviere,IEX,361425793301306,,FILL
T3JPM,2019-Oct-16 14:36:37.945000,JPM,100,120.210000,0.120000,REMOVED,0,,SIM-1001-101,dlariviere,IEX,361425793301310,,FILL
T3JPM,2019-Oct-16 14:52:01.128000,JPM,200,120.010000,0.240000,REMOVED,0,,SIM-1001-101,dlariviere,IEX,361425793301314,,FILL
T3JPM,2019-Oct-16 15:01:42.100000,JPM,-400,120.370000,1.558515,REMOVED,0,,SIM-1001-101,dlariviere,IEX,361425793301315,,FILL
T3JPM,2019-Oct-16 15:06:04.588000,JPM,100,120.190000,0.120000,REMOVED,0,,SIM-1001-101,dlariviere,IEX,361425793301316,,FILL
T3JPM,2019-Oct-16 15:17:41.241000,JPM,-100,120.170000,0.389181,REMOVED,0,,SIM-1001-101,dlariviere,IEX,361425793301317,,FILL
T3JPM,2019-Oct-16 15:24:30.590000,JPM,100,120.200000,0.120000,REMOVED,0,,SIM-1001-101,dlariviere,IEX,361425793301318,,FILL
T3JPM,2019-Oct-16 15:33:15.444000,JPM,-100,120.220000,0.389293,REMOVED,0,,SIM-1001-101,dlariviere,IEX,361425793301319,,FILL
T3JPM,2019-Oct-16 15:50:00.817000,JPM,1,120.190000,0.001200,REMOVED,0,,SIM-1001-101,dlariviere,IEX,361425793301320,,FILL
T3JPM,2019-Oct-16 16:21:37.226000,JPM,100,119.700000,0.120000,REMOVED,0,,SIM-1001-101,dlariviere,IEX,361425793301322,,FILL
T3JPM,2019-Oct-16 16:41:37.713000,JPM,500,119.620000,0.600000,REMOVED,0,,SIM-1001-101,dlariviere,IEX,361425793301324,,FILL
T3JPM,2019-Oct-16 16:50:59.309000,JPM,-601,119.440000,2.329149,REMOVED,0,,SIM-1001-101,dlariviere,IEX,361425793301325,,FILL
T3JPM,2019-Oct-16 19:15:54.300000,JPM,45,119.900000,0.054000,REMOVED,0,,SIM-1001-101,dlariviere,IEX,361425793301330,,FILL
T3JPM,2019-Oct-17 13:30:05.140000,JPM,570,120.730000,0.684000,REMOVED,0,,SIM-1001-101,dlariviere,IEX,361425793301332,,FILL
T3JPM,2019-Oct-17 13:30:13.900000,JPM,-615,120.640000,2.399937,REMOVED,0,,SIM-1001-101,dlariviere,IEX,361425793301333,,FILL
T3JPM,2019-Oct-17 13:33:34.706000,JPM,100,120.530000,0.120000,REMOVED,0,,SIM-1001-101,dlariviere,IEX,361425793301334,,FILL
T3JPM,2019-Oct-17 13:34:17.789000,JPM,-100,120.420000,0.389741,REMOVED,0,,SIM-1001-101,dlariviere,IEX,361425793301335,,FILL
T3JPM,2019-Oct-17 13:34:25.648000,JPM,100,120.480000,0.120000,REMOVED,0,,SIM-1001-101,dlariviere,IEX,361425793301336,,FILL
T3JPM,2019-Oct-17 13:35:40.260000,JPM,-100,120.450000,0.389808,REMOVED,0,,SIM-1001-101,dlariviere,IEX,361425793301337,,FILL
T3JPM,2019-Oct-17 13:36:09.182000,JPM,100,120.550000,0.120000,REMOVED,0,,SIM-1001-101,dlariviere,IEX,361425793301338,,FILL
T3JPM,2019-Oct-17 13:36:15.318000,JPM,-100,120.480000,0.389875,REMOVED,0,,SIM-1001-101,dlariviere,IEX,361425793301339,,FILL
T3JPM,2019-Oct-17 13:37:23.241000,JPM,300,120.580000,0.360000,REMOVED,0,,SIM-1001-101,dlariviere,IEX,361425793301340,,FILL
T3JPM,2019-Oct-17 13:39:27.644000,JPM,-300,120.700000,1.171104,REMOVED,0,,SIM-1001-101,dlariviere,IEX,361425793301341,,FILL
T3JPM,2019-Oct-17 13:39:57.591000,JPM,100,120.800000,0.120000,REMOVED,0,,SIM-1001-101,dlariviere,IEX,361425793301342,,FILL
T3JPM,2019-Oct-17 13:40:18.653000,JPM,-100,120.710000,0.390390,REMOVED,0,,SIM-1001-101,dlariviere,IEX,361425793301343,,FILL
T3JPM,2019-Oct-17 13:41:55.994000,JPM,100,120.860000,0.120000,REMOVED,0,,SIM-1001-101,dlariviere,IEX,361425793301344,,FILL
T3JPM,2019-Oct-17 13:44:37.588000,JPM,100,120.830000,0.120000,REMOVED,0,,SIM-1001-101,dlariviere,IEX,361425793301346,,FILL
T3JPM,2019-Oct-17 13:51:46.489000,JPM,-200,121.380000,0.783782,REMOVED,0,,SIM-1001-101,dlariviere,IEX,361425793301347,,FILL
T3JPM,2019-Oct-17 13:53:20.188000,JPM,300,121.430000,0.360000,REMOVED,0,,SIM-1001-101,dlariviere,IEX,361425793301348,,FILL
T3JPM,2019-Oct-17 13:53:59.579000,JPM,-300,121.340000,1.175405,REMOVED,0,,SIM-1001-101,dlariviere,IEX,361425793301349,,FILL
T3JPM,2019-Oct-17 13:54:48.327000,JPM,100,121.330000,0.120000,REMOVED,0,,SIM-1001-101,dlariviere,IEX,361425793301350,,FILL
T3JPM,2019-Oct-17 14:18:17.762000,JPM,-100,121.430000,0.392003,REMOVED,0,,SIM-1001-101,dlariviere,IEX,361425793301355,,FILL
T3JPM,2019-Oct-17 14:50:39.154000,JPM,5,120.830000,0.006000,REMOVED,0,,SIM-1001-101,dlariviere,IEX,361425793301360,,FILL
T3JPM,2019-Oct-17 14:52:30.466000,JPM,-5,120.810000,0.019531,REMOVED,0,,SIM-1001-101,dlariviere,IEX,361425793301361,,FILL
T3JPM,2019-Oct-17 14:54:32.465000,JPM,100,120.840000,0.120000,REMOVED,0,,SIM-1001-101,dlariviere,IEX,361425793301362,,FILL
T3JPM,2019-Oct-17 15:03:50.424000,JPM,1,120.770000,0.001200,REMOVED,0,,SIM-1001-101,dlariviere,IEX,361425793301366,,FILL
T3JPM,2019-Oct-17 15:05:36.986000,JPM,-101,120.610000,0.394068,REMOVED,0,,SIM-1001-101,dlariviere,IEX,361425793301367,,FILL
T3JPM,2019-Oct-17 16:23:58.608000,JPM,100,120.220000,0.120000,REMOVED,0,,SIM-1001-101,dlariviere,IEX,361425793301378,,FILL
T3JPM,2019-Oct-17 16:52:57.639000,JPM,10,120.160000,0.012000,REMOVED,0,,SIM-1001-101,dlariviere,IEX,361425793301380,,FILL
T3JPM,2019-Oct-17 17:07:08.903000,JPM,-110,120.210000,0.428197,REMOVED,0,,SIM-1001-101,dlariviere,IEX,361425793301381,,FILL
T3JPM,2019-Oct-17 17:18:39.186000,JPM,7,120.150000,0.008400,REMOVED,0,,SIM-1001-101,dlariviere,IEX,361425793301382,,FILL
T3JPM,2019-Oct-17 17:28:44.288000,JPM,-7,119.930000,0.027205,REMOVED,0,,SIM-1001-101,dlariviere,IEX,361425793301383,,FILL
T3JPM,2019-Oct-17 19:22:37.119000,JPM,100,120.640000,0.120000,REMOVED,0,,SIM-1001-101,dlariviere,IEX,361425793301390,,FILL
T3JPM,2019-Oct-17 19:55:00.577000,JPM,-100,120.380000,0.389651,REMOVED,0,,SIM-1001-101,dlariviere,IEX,361425793301393,,FILL
T3JPM,2019-Oct-18 13:30:20.169000,JPM,100,120.030000,0.120000,REMOVED,0,,SIM-1001-101,dlariviere,IEX,361425793301394,,FILL
T3JPM,2019-Oct-18 13:30:46.864000,JPM,-100,119.990000,0.388778,REMOVED,0,,SIM-1001-101,dlariviere,IEX,361425793301395,,FILL
T3JPM,2019-Oct-18 13:32:01.735000,JPM,200,120.130000,0.240000,REMOVED,0,,SIM-1001-101,dlariviere,IEX,361425793301396,,FILL
T3JPM,2019-Oct-18 13:33:16.686000,JPM,-200,120.240000,0.778675,REMOVED,0,,SIM-1001-101,dlariviere,IEX,361425793301397,,FILL
T3JPM,2019-Oct-18 13:36:53.307000,JPM,100,120.480000,0.120000,REMOVED,0,,SIM-1001-101,dlariviere,IEX,361425793301400,,FILL
T3JPM,2019-Oct-18 13:38:37.928000,JPM,-100,120.550000,0.390032,REMOVED,0,,SIM-1001-101,dlariviere,IEX,361425793301401,,FILL
T3JPM,2019-Oct-18 13:39:30.317000,JPM,100,120.510000,0.120000,REMOVED,0,,SIM-1001-101,dlariviere,IEX,361425793301402,,FILL
T3JPM,2019-Oct-18 13:40:23.822000,JPM,-100,120.630000,0.390211,REMOVED,0,,SIM-1001-101,dlariviere,IEX,361425793301403,,FILL
T3JPM,2019-Oct-18 13:43:41.296000,JPM,83,120.400000,0.099600,REMOVED,0,,SIM-1001-101,dlariviere,IEX,361425793301406,,FILL
T3JPM,2019-Oct-18 13:45:57.809000,JPM,-83,120.390000,0.323429,REMOVED,0,,SIM-1001-101,dlariviere,IEX,361425793301407,,FILL
T3JPM,2019-Oct-18 13:46:24.393000,JPM,100,120.470000,0.120000,REMOVED,0,,SIM-1001-101,dlariviere,IEX,361425793301408,,FILL
T3JPM,2019-Oct-18 13:50:34.282000,JPM,-100,120.740000,0.390458,REMOVED,0,,SIM-1001-101,dlariviere,IEX,361425793301409,,FILL
T3JPM,2019-Oct-18 13:53:15.868000,JPM,240,120.690000,0.288000,REMOVED,0,,SIM-1001-101,dlariviere,IEX,361425793301410,,FILL
T3JPM,2019-Oct-18 13:54:02.719000,JPM,-240,120.710000,0.936937,REMOVED,0,,SIM-1001-101,dlariviere,IEX,361425793301411,,FILL
T3JPM,2019-Oct-18 13:55:32.971000,JPM,100,120.820000,0.120000,REMOVED,0,,SIM-1001-101,dlariviere,IEX,361425793301412,,FILL
T3JPM,2019-Oct-18 14:03:16.138000,JPM,-100,120.580000,0.390099,REMOVED,0,,SIM-1001-101,dlariviere,IEX,361425793301417,,FILL
T3JPM,2019-Oct-18 14:10:03.466000,JPM,1,120.470000,0.001200,REMOVED,0,,SIM-1001-101,dlariviere,IEX,361425793301418,,FILL
T3JPM,2019-Oct-18 14:16:00.117000,JPM,-1,120.300000,0.003895,REMOVED,0,,SIM-1001-101,dlariviere,IEX,361425793301419,,FILL
T3JPM,2019-Oct-18 14:29:56.963000,JPM,100,120.410000,0.120000,REMOVED,0,,SIM-1001-101,dlariviere,IEX,361425793301420,,FILL
T3JPM,2019-Oct-18 14:38:41.232000,JPM,54,120.520000,0.064800,REMOVED,0,,SIM-1001-101,dlariviere,IEX,361425793301424,,FILL
T3JPM,2019-Oct-18 14:43:13.736000,JPM,-154,120.450000,0.600304,REMOVED,0,,SIM-1001-101,dlariviere,IEX,361425793301425,,FILL
T3JPM,2019-Oct-18 14:45:34.398000,JPM,100,120.460000,0.120000,REMOVED,0,,SIM-1001-101,dlariviere,IEX,361425793301426,,FILL
T3JPM,2019-Oct-18 15:08:26.602000,JPM,-100,120.720000,0.390413,REMOVED,0,,SIM-1001-101,dlariviere,IEX,361425793301427,,FILL
T3JPM,2019-Oct-18 15:10:57.327000,JPM,100,120.720000,0.120000,REMOVED,0,,SIM-1001-101,dlariviere,IEX,361425793301428,,FILL
T3JPM,2019-Oct-18 15:38:25.332000,JPM,200,120.810000,0.240000,REMOVED,0,,SIM-1001-101,dlariviere,IEX,361425793301430,,FILL
T3JPM,2019-Oct-18 17:56:02.759000,JPM,-300,120.890000,1.172381,REMOVED,0,,SIM-1001-101,dlariviere,IEX,361425793301433,,FILL
T3JPM,2019-Oct-18 19:00:43.723000,JPM,1,120.900000,0.001200,REMOVED,0,,SIM-1001-101,dlariviere,IEX,361425793301434,,FILL
T3JPM,2019-Oct-18 19:55:00.568000,JPM,-1,120.750000,0.003905,REMOVED,0,,SIM-1001-101,dlariviere,IEX,361425793301435,,FILL
T3JPM,2019-Oct-21 13:30:01.998000,JPM,100,122.060000,0.120000,REMOVED,0,,SIM-1001-101,dlariviere,IEX,361425793301436,,FILL
T3JPM,2019-Oct-21 13:31:30.291000,JPM,-100,122.430000,0.394243,REMOVED,0,,SIM-1001-101,dlariviere,IEX,361425793301437,,FILL
T3JPM,2019-Oct-21 13:34:15.570000,JPM,25,122.530000,0.030000,REMOVED,0,,SIM-1001-101,dlariviere,IEX,361425793301440,,FILL
T3JPM,2019-Oct-21 13:38:08.709000,JPM,100,122.830000,0.120000,REMOVED,0,,SIM-1001-101,dlariviere,IEX,361425793301442,,FILL
T3JPM,2019-Oct-21 13:38:17.315000,JPM,-125,122.770000,0.493756,REMOVED,0,,SIM-1001-101,dlariviere,IEX,361425793301443,,FILL
T3JPM,2019-Oct-21 13:38:31.397000,JPM,500,122.730000,0.600000,REMOVED,0,,SIM-1001-101,dlariviere,IEX,361425793301444,,FILL
T3JPM,2019-Oct-21 13:39:36.487000,JPM,-500,122.640000,1.973568,REMOVED,0,,SIM-1001-101,dlariviere,IEX,361425793301445,,FILL
T3JPM,2019-Oct-21 13:40:57.709000,JPM,100,122.640000,0.120000,REMOVED,0,,SIM-1001-101,dlariviere,IEX,361425793301446,,FILL
T3JPM,2019-Oct-21 13:47:25.436000,JPM,-100,122.800000,0.395072,REMOVED,0,,SIM-1001-101,dlariviere,IEX,361425793301447,,FILL
T3JPM,2019-Oct-21 13:51:00.824000,JPM,100,122.550000,0.120000,REMOVED,0,,SIM-1001-101,dlariviere,IEX,361425793301450,,FILL
T3JPM,2019-Oct-21 13:57:09.305000,JPM,-100,122.650000,0.394736,REMOVED,0,,SIM-1001-101,dlariviere,IEX,361425793301451,,FILL
T3JPM,2019-Oct-21 14:02:23.359000,JPM,100,122.910000,0.120000,REMOVED,0,,SIM-1001-101,dlariviere,IEX,361425793301454,,FILL
T3JPM,2019-Oct-21 14:07:10.994000,JPM,100,122.660000,0.120000,REMOVED,0,,SIM-1001-101,dlariviere,IEX,361425793301456,,FILL
T3JPM,2019-Oct-21 14:08:19.938000,JPM,-200,122.580000,0.789158,REMOVED,0,,SIM-1001-101,dlariviere,IEX,361425793301457,,FILL
T3JPM,2019-Oct-21 14:38:17.117000,JPM,100,122.590000,0.120000,REMOVED,0,,SIM-1001-101,dlariviere,IEX,361425793301460,,FILL
T3JPM,2019-Oct-21 14:42:42.588000,JPM,-100,122.550000,0.394512,REMOVED,0,,SIM-1001-101,dlariviere,IEX,361425793301461,,FILL
T3JPM,2019-Oct-21 14:53:51.331000,JPM,1,122.610000,0.001200,REMOVED,0,,SIM-1001-101,dlariviere,IEX,361425793301462,,FILL
T3JPM,2019-Oct-21 15:10:25.823000,JPM,-1,122.980000,0.003955,REMOVED,0,,SIM-1001-101,dlariviere,IEX,361425793301465,,FILL
T3JPM,2019-Oct-21 15:14:27.331000,JPM,100,123.130000,0.120000,REMOVED,0,,SIM-1001-101,dlariviere,IEX,361425793301466,,FILL
T3JPM,2019-Oct-21 15:29:26.868000,JPM,100,123.350000,0.120000,REMOVED,0,,SIM-1001-101,dlariviere,IEX,361425793301468,,FILL
T3JPM,2019-Oct-21 15:54:41.653000,JPM,3,123.260000,0.003600,REMOVED,0,,SIM-1001-101,dlariviere,IEX,361425793301470,,FILL
T3JPM,2019-Oct-21 16:51:29.592000,JPM,4,123.340000,0.004800,REMOVED,0,,SIM-1001-101,dlariviere,IEX,361425793301474,,FILL
T3JPM,2019-Oct-21 17:35:06.333000,JPM,100,123.160000,0.120000,REMOVED,0,,SIM-1001-101,dlariviere,IEX,361425793301476,,FILL
T3JPM,2019-Oct-21 18:25:25.661000,JPM,100,123.330000,0.120000,REMOVED,0,,SIM-1001-101,dlariviere,IEX,361425793301478,,FILL
T3JPM,2019-Oct-22 13:39:46.145000,JPM,1,123.290000,0.001200,REMOVED,0,,SIM-1001-101,dlariviere,IEX,361425793301482,,FILL
T3JPM,2019-Oct-22 13:40:43.469000,JPM,-408,123.350000,1.616920,REMOVED,0,,SIM-1001-101,dlariviere,IEX,361425793301483,,FILL
T3JPM,2019-Oct-22 13:41:06.196000,JPM,2,123.420000,0.002400,REMOVED,0,,SIM-1001-101,dlariviere,IEX,361425793301484,,FILL
T3JPM,2019-Oct-22 13:42:47.914000,JPM,1,123.410000,0.001200,REMOVED,0,,SIM-1001-101,dlariviere,IEX,361425793301486,,FILL
T3JPM,2019-Oct-22 13:42:52.810000,JPM,-3,123.340000,0.011888,REMOVED,0,,SIM-1001-101,dlariviere,IEX,361425793301487,,FILL
T3JPM,2019-Oct-22 13:57:07.757000,JPM,60,123.340000,0.072000,REMOVED,0,,SIM-1001-101,dlariviere,IEX,361425793301488,,FILL
T3JPM,2019-Oct-22 14:08:30.413000,JPM,-60,123.400000,0.237850,REMOVED,0,,SIM-1001-101,dlariviere,IEX,361425793301493,,FILL
T3JPM,2019-Oct-22 14:30:12.136000,JPM,25,123.320000,0.030000,REMOVED,0,,SIM-1001-101,dlariviere,IEX,361425793301496,,FILL
T3JPM,2019-Oct-22 15:01:55.699000,JPM,100,123.680000,0.120000,REMOVED,0,,SIM-1001-101,dlariviere,IEX,361425793301498,,FILL
T3JPM,2019-Oct-22 18:30:04.417000,JPM,33,125.000000,0.039600,REMOVED,0,,SIM-1001-101,dlariviere,IEX,361425793301504,,FILL
T3JPM,2019-Oct-22 18:36:15.765000,JPM,100,124.650000,0.120000,REMOVED,0,,SIM-1001-101,dlariviere,IEX,361425793301506,,FILL
T3JPM,2019-Oct-22 18:45:06.841000,JPM,-258,124.790000,1.030786,REMOVED,0,,SIM-1001-101,dlariviere,IEX,361425793301507,,FILL
T3JPM,2019-Oct-22 19:05:37.921000,JPM,100,124.510000,0.120000,REMOVED,0,,SIM-1001-101,dlariviere,IEX,361425793301514,,FILL
T3JPM,2019-Oct-22 19:10:29.892000,JPM,-100,124.740000,0.399418,REMOVED,0,,SIM-1001-101,dlariviere,IEX,361425793301515,,FILL
T3JPM,2019-Oct-22 19:11:08.447000,JPM,141,124.730000,0.169200,REMOVED,0,,SIM-1001-101,dlariviere,IEX,361425793301516,,FILL
T3JPM,2019-Oct-22 19:37:48.972000,JPM,-141,124.900000,0.563684,REMOVED,0,,SIM-1001-101,dlariviere,IEX,361425793301521,,FILL
T3JPM,2019-Oct-22 19:46:27.654000,JPM,96,124.760000,0.115200,REMOVED,0,,SIM-1001-101,dlariviere,IEX,361425793301522,,FILL
T3JPM,2019-Oct-22 19:56:38.919000,JPM,-96,124.720000,0.383398,REMOVED,0,,SIM-1001-101,dlariviere,IEX,361425793301523,,FILL
T3JPM,2019-Oct-23 13:30:10.172000,JPM,100,124.370000,0.120000,REMOVED,0,,SIM-1001-101,dlariviere,IEX,361425793301526,,FILL
T3JPM,2019-Oct-23 13:30:17.872000,JPM,-100,124.320000,0.398477,REMOVED,0,,SIM-1001-101,dlariviere,IEX,361425793301527,,FILL
T3JPM,2019-Oct-23 13:35:10.455000,JPM,100,124.750000,0.120000,REMOVED,0,,SIM-1001-101,dlariviere,IEX,361425793301530,,FILL
T3JPM,2019-Oct-23 13:35:48.823000,JPM,-100,124.620000,0.399149,REMOVED,0,,SIM-1001-101,dlariviere,IEX,361425793301531,,FILL
T3JPM,2019-Oct-23 13:36:56.158000,JPM,100,124.460000,0.120000,REMOVED,0,,SIM-1001-101,dlariviere,IEX,361425793301534,,FILL
T3JPM,2019-Oct-23 13:39:02.218000,JPM,100,124.800000,0.120000,REMOVED,0,,SIM-1001-101,dlariviere,IEX,361425793301536,,FILL
T3JPM,2019-Oct-23 13:39:48.821000,JPM,-200,124.720000,0.798746,REMOVED,0,,SIM-1001-101,dlariviere,IEX,361425793301537,,FILL
T3JPM,2019-Oct-23 13:40:42.920000,JPM,100,125.000000,0.120000,REMOVED,0,,SIM-1001-101,dlariviere,IEX,361425793301538,,FILL
T3JPM,2019-Oct-23 13:58:38.363000,JPM,-100,124.570000,0.399037,REMOVED,0,,SIM-1001-101,dlariviere,IEX,361425793301541,,FILL
T3JPM,2019-Oct-23 14:13:22.307000,JPM,100,124.400000,0.120000,REMOVED,0,,SIM-1001-101,dlariviere,IEX,361425793301544,,FILL
T3JPM,2019-Oct-23 14:17:57.303000,JPM,4,124.260000,0.004800,REMOVED,0,,SIM-1001-101,dlariviere,IEX,361425793301546,,FILL
T3JPM,2019-Oct-23 14:20:14.715000,JPM,100,124.280000,0.120000,REMOVED,0,,SIM-1001-101,dlariviere,IEX,361425793301548,,FILL
T3JPM,2019-Oct-23 14:20:58.747000,JPM,-204,124.220000,0.812436,REMOVED,0,,SIM-1001-101,dlariviere,IEX,361425793301549,,FILL
T3JPM,2019-Oct-23 14:33:55.560000,JPM,10,124.440000,0.012000,REMOVED,0,,SIM-1001-101,dlariviere,IEX,361425793301550,,FILL
T3JPM,2019-Oct-23 14:48:40.992000,JPM,-10,124.620000,0.039915,REMOVED,0,,SIM-1001-101,dlariviere,IEX,361425793301551,,FILL
T3JPM,2019-Oct-23 19:47:36.372000,JPM,11,124.710000,0.013200,REMOVED,0,,SIM-1001-101,dlariviere,IEX,361425793301560,,FILL
T3JPM,2019-Oct-24 13:30:52.279000,JPM,-11,125.520000,0.044128,REMOVED,0,,SIM-1001-101,dlariviere,IEX,361425793301561,,FILL
T3JPM,2019-Oct-24 13:31:47.515000,JPM,100,125.580000,0.120000,REMOVED,0,,SIM-1001-101,dlariviere,IEX,361425793301562,,FILL
T3JPM,2019-Oct-24 13:33:00.796000,JPM,-100,125.420000,0.400941,REMOVED,0,,SIM-1001-101,dlariviere,IEX,361425793301563,,FILL
T3JPM,2019-Oct-24 13:36:35.131000,JPM,81,125.290000,0.097200,REMOVED,0,,SIM-1001-101,dlariviere,IEX,361425793301566,,FILL
T3JPM,2019-Oct-24 13:37:14.695000,JPM,-81,125.160000,0.324290,REMOVED,0,,SIM-1001-101,dlariviere,IEX,361425793301567,,FILL
T3JPM,2019-Oct-24 13:39:03.405000,JPM,100,125.180000,0.120000,REMOVED,0,,SIM-1001-101,dlariviere,IEX,361425793301568,,FILL
T3JPM,2019-Oct-24 13:40:47.154000,JPM,-100,125.120000,0.400269,REMOVED,0,,SIM-1001-101,dlariviere,IEX,361425793301569,,FILL
T3JPM,2019-Oct-24 13:41:09.710000,JPM,100,125.200000,0.120000,REMOVED,0,,SIM-1001-101,dlariviere,IEX,361425793301570,,FILL
T3JPM,2019-Oct-24 13:41:23.526000,JPM,-100,125.140000,0.400314,REMOVED,0,,SIM-1001-101,dlariviere,IEX,361425793301571,,FILL
T3JPM,2019-Oct-24 13:42:23.488000,JPM,50,125.220000,0.060000,REMOVED,0,,SIM-1001-101,dlariviere,IEX,361425793301572,,FILL
T3JPM,2019-Oct-24 13:52:10.762000,JPM,200,124.690000,0.240000,REMOVED,0,,SIM-1001-101,dlariviere,IEX,361425793301574,,FILL
T3JPM,2019-Oct-24 14:01:13.329000,JPM,100,124.630000,0.120000,REMOVED,0,,SIM-1001-101,dlariviere,IEX,361425793301576,,FILL
T3JPM,2019-Oct-24 14:01:49.186000,JPM,-350,124.560000,1.396550,REMOVED,0,,SIM-1001-101,dlariviere,IEX,361425793301577,,FILL
T3JPM,2019-Oct-24 14:06:11.849000,JPM,50,124.230000,0.060000,REMOVED,0,,SIM-1001-101,dlariviere,IEX,361425793301578,,FILL
T3JPM,2019-Oct-24 14:22:35.892000,JPM,100,124.350000,0.120000,REMOVED,0,,SIM-1001-101,dlariviere,IEX,361425793301582,,FILL
T3JPM,2019-Oct-24 14:27:13.475000,JPM,-150,124.360000,0.597850,REMOVED,0,,SIM-1001-101,dlariviere,IEX,361425793301583,,FILL
T3JPM,2019-Oct-24 14:35:15.961000,JPM,100,124.340000,0.120000,REMOVED,0,,SIM-1001-101,dlariviere,IEX,361425793301586,,FILL
T3JPM,2019-Oct-24 14:47:23.131000,JPM,4,124.380000,0.004800,REMOVED,0,,SIM-1001-101,dlariviere,IEX,361425793301588,,FILL
T3JPM,2019-Oct-24 15:18:33.109000,JPM,-104,124.510000,0.414858,REMOVED,0,,SIM-1001-101,dlariviere,IEX,361425793301591,,FILL
T3JPM,2019-Oct-24 15:23:45.513000,JPM,1,124.600000,0.001200,REMOVED,0,,SIM-1001-101,dlariviere,IEX,361425793301592,,FILL
T3JPM,2019-Oct-24 15:36:06.798000,JPM,-1,124.700000,0.003993,REMOVED,0,,SIM-1001-101,dlariviere,IEX,361425793301593,,FILL
T3JPM,2019-Oct-24 15:51:45.559000,JPM,100,124.460000,0.120000,REMOVED,0,,SIM-1001-101,dlariviere,IEX,361425793301596,,FILL
T3JPM,2019-Oct-24 16:05:05.832000,JPM,-100,124.640000,0.399194,REMOVED,0,,SIM-1001-101,dlariviere,IEX,361425793301597,,FILL
T3JPM,2019-Oct-24 16:48:25.532000,JPM,30,124.640000,0.036000,REMOVED,0,,SIM-1001-101,dlariviere,IEX,361425793301600,,FILL
T3JPM,2019-Oct-24 16:50:58.786000,JPM,-30,124.570000,0.119711,REMOVED,0,,SIM-1001-101,dlariviere,IEX,361425793301601,,FILL
T3JPM,2019-Oct-24 17:25:13.971000,JPM,100,124.510000,0.120000,REMOVED,0,,SIM-1001-101,dlariviere,IEX,361425793301602,,FILL
T3JPM,2019-Oct-24 17:34:22.601000,JPM,-100,124.440000,0.398746,REMOVED,0,,SIM-1001-101,dlariviere,IEX,361425793301603,,FILL
T3JPM,2019-Oct-24 17:50:41.222000,JPM,300,124.370000,0.360000,REMOVED,0,,SIM-1001-101,dlariviere,IEX,361425793301604,,FILL
T3JPM,2019-Oct-24 18:26:39.834000,JPM,-300,124.540000,1.196909,REMOVED,0,,SIM-1001-101,dlariviere,IEX,361425793301605,,FILL
T3JPM,2019-Oct-24 18:34:00.171000,JPM,100,124.640000,0.120000,REMOVED,0,,SIM-1001-101,dlariviere,IEX,361425793301606,,FILL
T3JPM,2019-Oct-24 19:28:34.511000,JPM,-100,124.980000,0.399955,REMOVED,0,,SIM-1001-101,dlariviere,IEX,361425793301607,,FILL
T3JPM,2019-Oct-24 19:59:08.356000,JPM,100,125.140000,0.120000,REMOVED,0,,SIM-1001-101,dlariviere,IEX,361425793301610,,FILL
T3JPM,2019-Oct-25 13:30:15.591000,JPM,100,124.940000,0.120000,REMOVED,0,,SIM-1001-101,dlariviere,IEX,361425793301612,,FILL
T3JPM,2019-Oct-25 13:31:14.873000,JPM,-200,125.070000,0.800314,REMOVED,0,,SIM-1001-101,dlariviere,IEX,361425793301613,,FILL
T3JPM,2019-Oct-25 13:32:00.773000,JPM,200,125.150000,0.240000,REMOVED,0,,SIM-1001-101,dlariviere,IEX,361425793301614,,FILL
T3JPM,2019-Oct-25 13:32:58.147000,JPM,50,125.390000,0.060000,REMOVED,0,,SIM-1001-101,dlariviere,IEX,361425793301616,,FILL
T3JPM,2019-Oct-25 13:33:08.114000,JPM,-250,125.280000,1.001568,REMOVED,0,,SIM-1001-101,dlariviere,IEX,361425793301617,,FILL
T3JPM,2019-Oct-25 13:34:13.387000,JPM,100,125.470000,0.120000,REMOVED,0,,SIM-1001-101,dlariviere,IEX,361425793301618,,FILL
T3JPM,2019-Oct-25 13:34:28.356000,JPM,300,125.450000,0.360000,REMOVED,0,,SIM-1001-101,dlariviere,IEX,361425793301620,,FILL
T3JPM,2019-Oct-25 13:39:13.686000,JPM,-400,125.710000,1.606362,REMOVED,0,,SIM-1001-101,dlariviere,IEX,361425793301621,,FILL
T3JPM,2019-Oct-25 13:50:17.674000,JPM,20,125.750000,0.024000,REMOVED,0,,SIM-1001-101,dlariviere,IEX,361425793301624,,FILL
T3JPM,2019-Oct-25 13:52:03.589000,JPM,-20,125.690000,0.080309,REMOVED,0,,SIM-1001-101,dlariviere,IEX,361425793301625,,FILL
T3JPM,2019-Oct-25 14:04:03.577000,JPM,100,125.660000,0.120000,REMOVED,0,,SIM-1001-101,dlariviere,IEX,361425793301632,,FILL
T3JPM,2019-Oct-25 14:12:21.477000,JPM,100,125.660000,0.120000,REMOVED,0,,SIM-1001-101,dlariviere,IEX,361425793301634,,FILL
T3JPM,2019-Oct-25 14:38:05.336000,JPM,1,125.500000,0.001200,REMOVED,0,,SIM-1001-101,dlariviere,IEX,361425793301636,,FILL
T3JPM,2019-Oct-25 14:49:04.163000,JPM,100,125.510000,0.120000,REMOVED,0,,SIM-1001-101,dlariviere,IEX,361425793301638,,FILL
T3JPM,2019-Oct-25 15:03:51.510000,JPM,-301,125.650000,1.208383,REMOVED,0,,SIM-1001-101,dlariviere,IEX,361425793301641,,FILL
T3JPM,2019-Oct-25 15:05:46.611000,JPM,1,125.770000,0.001200,REMOVED,0,,SIM-1001-101,dlariviere,IEX,361425793301642,,FILL
T3JPM,2019-Oct-25 15:32:18.877000,JPM,-1,126.100000,0.004025,REMOVED,0,,SIM-1001-101,dlariviere,IEX,361425793301643,,FILL
T3JPM,2019-Oct-25 15:56:01.739000,JPM,1,126.320000,0.001200,REMOVED,0,,SIM-1001-101,dlariviere,IEX,361425793301644,,FILL
T3JPM,2019-Oct-25 16:02:19.380000,JPM,-1,126.260000,0.004028,REMOVED,0,,SIM-1001-101,dlariviere,IEX,361425793301645,,FILL
T3JPM,2019-Oct-25 17:47:41.824000,JPM,5,126.550000,0.006000,REMOVED,0,,SIM-1001-101,dlariviere,IEX,361425793301650,,FILL
T3JPM,2019-Oct-25 17:48:53.850000,JPM,-5,126.490000,0.020167,REMOVED,0,,SIM-1001-101,dlariviere,IEX,361425793301651,,FILL
T3JPM,2019-Oct-25 18:47:03.951000,JPM,100,126.320000,0.120000,REMOVED,0,,SIM-1001-101,dlariviere,IEX,361425793301654,,FILL
T3JPM,2019-Oct-25 19:56:32.909000,JPM,10,126.200000,0.012000,REMOVED,0,,SIM-1001-101,dlariviere,IEX,361425793301656,,FILL
T3JPM,2019-Oct-25 19:59:17.906000,JPM,-110,126.110000,0.442735,REMOVED,0,,SIM-1001-101,dlariviere,IEX,361425793301657,,FILL
T3JPM,2019-Oct-28 13:30:11.804000,JPM,100,126.580000,0.120000,REMOVED,0,,SIM-1001-101,dlariviere,IEX,361425793301658,,FILL
T3JPM,2019-Oct-28 13:31:46.485000,JPM,-100,126.710000,0.403830,REMOVED,0,,SIM-1001-101,dlariviere,IEX,361425793301659,,FILL
T3JPM,2019-Oct-28 13:32:42.255000,JPM,200,126.820000,0.240000,REMOVED,0,,SIM-1001-101,dlariviere,IEX,361425793301660,,FILL
T3JPM,2019-Oct-28 13:32:50.577000,JPM,-200,126.810000,0.808109,REMOVED,0,,SIM-1001-101,dlariviere,IEX,361425793301661,,FILL
T3JPM,2019-Oct-28 13:33:23.738000,JPM,1,126.880000,0.001200,REMOVED,0,,SIM-1001-101,dlariviere,IEX,361425793301662,,FILL
T3JPM,2019-Oct-28 13:37:52.240000,JPM,-1,126.960000,0.004044,REMOVED,0,,SIM-1001-101,dlariviere,IEX,361425793301663,,FILL
T3JPM,2019-Oct-28 13:38:07.343000,JPM,100,127.010000,0.120000,REMOVED,0,,SIM-1001-101,dlariviere,IEX,361425793301664,,FILL
T3JPM,2019-Oct-28 13:39:12.877000,JPM,-100,127.060000,0.404614,REMOVED,0,,SIM-1001-101,dlariviere,IEX,361425793301665,,FILL
T3JPM,2019-Oct-28 13:40:42.348000,JPM,4,126.950000,0.004800,REMOVED,0,,SIM-1001-101,dlariviere,IEX,361425793301666,,FILL
T3JPM,2019-Oct-28 13:42:09.132000,JPM,-4,126.920000,0.016172,REMOVED,0,,SIM-1001-101,dlariviere,IEX,361425793301667,,FILL
T3JPM,2019-Oct-28 13:43:43.509000,JPM,7,126.870000,0.008400,REMOVED,0,,SIM-1001-101,dlariviere,IEX,361425793301668,,FILL
T3JPM,2019-Oct-28 13:44:48.173000,JPM,-7,126.900000,0.028298,REMOVED,0,,SIM-1001-101,dlariviere,IEX,361425793301669,,FILL
T3JPM,2019-Oct-28 13:45:55.556000,JPM,40,126.980000,0.048000,REMOVED,0,,SIM-1001-101,dlariviere,IEX,361425793301670,,FILL
T3JPM,2019-Oct-28 13:46:03.370000,JPM,-40,126.910000,0.161711,REMOVED,0,,SIM-1001-101,dlariviere,IEX,361425793301671,,FILL
T3JPM,2019-Oct-28 13:52:51.898000,JPM,100,127.060000,0.120000,REMOVED,0,,SIM-1001-101,dlariviere,IEX,361425793301674,,FILL
T3JPM,2019-Oct-28 13:54:41.735000,JPM,-100,127.100000,0.404704,REMOVED,0,,SIM-1001-101,dlariviere,IEX,361425793301675,,FILL
T3JPM,2019-Oct-28 13:56:39.895000,JPM,3,127.040000,0.003600,REMOVED,0,,SIM-1001-101,dlariviere,IEX,361425793301676,,FILL
T3JPM,2019-Oct-28 13:57:57.774000,JPM,-3,126.980000,0.012133,REMOVED,0,,SIM-1001-101,dlariviere,IEX,361425793301677,,FILL
T3JPM,2019-Oct-28 14:02:15.407000,JPM,100,127.020000,0.120000,REMOVED,0,,SIM-1001-101,dlariviere,IEX,361425793301680,,FILL
T3JPM,2019-Oct-28 14:07:56.723000,JPM,6,126.750000,0.007200,REMOVED,0,,SIM-1001-101,dlariviere,IEX,361425793301682,,FILL
T3JPM,2019-Oct-28 14:10:24.379000,JPM,140,126.740000,0.168000,REMOVED,0,,SIM-1001-101,dlariviere,IEX,361425793301684,,FILL
T3JPM,2019-Oct-28 14:14:17.135000,JPM,-246,126.720000,0.993478,REMOVED,0,,SIM-1001-101,dlariviere,IEX,361425793301685,,FILL
T3JPM,2019-Oct-28 14:17:57.415000,JPM,100,126.660000,0.120000,REMOVED,0,,SIM-1001-101,dlariviere,IEX,361425793301686,,FILL
T3JPM,2019-Oct-28 14:19:24.548000,JPM,-100,126.640000,0.403674,REMOVED,0,,SIM-1001-101,dlariviere,IEX,361425793301687,,FILL
T3JPM,2019-Oct-28 14:30:43.189000,JPM,100,126.820000,0.120000,REMOVED,0,,SIM-1001-101,dlariviere,IEX,361425793301690,,FILL
T3JPM,2019-Oct-28 14:41:57.489000,JPM,23,126.660000,0.027600,REMOVED,0,,SIM-1001-101,dlariviere,IEX,361425793301692,,FILL
T3JPM,2019-Oct-28 15:05:46.968000,JPM,-123,126.550000,0.496271,REMOVED,0,,SIM-1001-101,dlariviere,IEX,361425793301695,,FILL
T3JPM,2019-Oct-28 15:18:15.629000,JPM,4,126.520000,0.004800,REMOVED,0,,SIM-1001-101,dlariviere,IEX,361425793301698,,FILL
T3JPM,2019-Oct-28 15:26:02.972000,JPM,-4,126.590000,0.016142,REMOVED,0,,SIM-1001-101,dlariviere,IEX,361425793301699,,FILL
T3JPM,2019-Oct-28 15:29:43.767000,JPM,5,126.720000,0.006000,REMOVED,0,,SIM-1001-101,dlariviere,IEX,361425793301700,,FILL
T3JPM,2019-Oct-28 15:51:34.525000,JPM,-5,126.970000,0.020221,REMOVED,0,,SIM-1001-101,dlariviere,IEX,361425793301701,,FILL
T3JPM,2019-Oct-28 16:20:08.712000,JPM,100,127.080000,0.120000,REMOVED,0,,SIM-1001-101,dlariviere,IEX,361425793301702,,FILL
T3JPM,2019-Oct-28 17:03:25.692000,JPM,100,126.750000,0.120000,REMOVED,0,,SIM-1001-101,dlariviere,IEX,361425793301704,,FILL
T3JPM,2019-Oct-28 17:28:26.103000,JPM,10,126.740000,0.012000,REMOVED,0,,SIM-1001-101,dlariviere,IEX,361425793301706,,FILL
T3JPM,2019-Oct-28 17:59:01.160000,JPM,-210,126.750000,0.848232,REMOVED,0,,SIM-1001-101,dlariviere,IEX,361425793301709,,FILL
T3JPM,2019-Oct-28 19:28:25.382000,JPM,5,126.950000,0.006000,REMOVED,0,,SIM-1001-101,dlariviere,IEX,361425793301716,,FILL
T3JPM,2019-Oct-29 13:30:04.259000,JPM,100,126.100000,0.120000,REMOVED,0,,SIM-1001-101,dlariviere,IEX,361425793301718,,FILL
T3JPM,2019-Oct-29 13:34:02.644000,JPM,-105,126.360000,0.423199,REMOVED,0,,SIM-1001-101,dlariviere,IEX,361425793301719,,FILL
T3JPM,2019-Oct-29 13:35:20.408000,JPM,200,126.500000,0.240000,REMOVED,0,,SIM-1001-101,dlariviere,IEX,361425793301720,,FILL
T3JPM,2019-Oct-29 13:37:20.869000,JPM,-200,126.460000,0.806541,REMOVED,0,,SIM-1001-101,dlariviere,IEX,361425793301721,,FILL
T3JPM,2019-Oct-29 13:58:41.821000,JPM,11,127.040000,0.013200,REMOVED,0,,SIM-1001-101,dlariviere,IEX,361425793301726,,FILL
T3JPM,2019-Oct-29 14:03:34.995000,JPM,200,126.990000,0.240000,REMOVED,0,,SIM-1001-101,dlariviere,IEX,361425793301728,,FILL
T3JPM,2019-Oct-29 14:05:06.756000,JPM,-211,126.990000,0.853406,REMOVED,0,,SIM-1001-101,dlariviere,IEX,361425793301729,,FILL
T3JPM,2019-Oct-29 14:08:00.907000,JPM,100,127.120000,0.120000,REMOVED,0,,SIM-1001-101,dlariviere,IEX,361425793301730,,FILL
T3JPM,2019-Oct-29 14:10:52.122000,JPM,-100,127.170000,0.404861,REMOVED,0,,SIM-1001-101,dlariviere,IEX,361425793301731,,FILL
T3JPM,2019-Oct-29 14:56:15.236000,JPM,128,126.990000,0.153600,REMOVED,0,,SIM-1001-101,dlariviere,IEX,361425793301734,,FILL
T3JPM,2019-Oct-29 15:01:18.193000,JPM,64,126.920000,0.076800,REMOVED,0,,SIM-1001-101,dlariviere,IEX,361425793301736,,FILL
T3JPM,2019-Oct-29 15:13:42.678000,JPM,-192,126.990000,0.776559,REMOVED,0,,SIM-1001-101,dlariviere,IEX,361425793301737,,FILL
T3JPM,2019-Oct-29 16:08:14.706000,JPM,1,126.630000,0.001200,REMOVED,0,,SIM-1001-101,dlariviere,IEX,361425793301744,,FILL
T3JPM,2019-Oct-29 16:21:53.880000,JPM,-1,126.500000,0.004034,REMOVED,0,,SIM-1001-101,dlariviere,IEX,361425793301745,,FILL
T3JPM,2019-Oct-29 17:08:37.299000,JPM,90,126.380000,0.108000,REMOVED,0,,SIM-1001-101,dlariviere,IEX,361425793301750,,FILL
T3JPM,2019-Oct-29 17:54:39.641000,JPM,100,126.370000,0.120000,REMOVED,0,,SIM-1001-101,dlariviere,IEX,361425793301752,,FILL
T3JPM,2019-Oct-29 17:54:52.312000,JPM,-190,126.350000,0.765746,REMOVED,0,,SIM-1001-101,dlariviere,IEX,361425793301753,,FILL
T3JPM,2019-Oct-29 18:08:22.744000,JPM,8,126.260000,0.009600,REMOVED,0,,SIM-1001-101,dlariviere,IEX,361425793301754,,FILL
T3JPM,2019-Oct-29 19:26:40.675000,JPM,21,126.180000,0.025200,REMOVED,0,,SIM-1001-101,dlariviere,IEX,361425793301760,,FILL
T3JPM,2019-Oct-30 13:31:00.533000,JPM,300,125.820000,0.360000,REMOVED,0,,SIM-1001-101,dlariviere,IEX,361425793301762,,FILL
T3JPM,2019-Oct-30 13:31:18.817000,JPM,-329,125.740000,1.321454,REMOVED,0,,SIM-1001-101,dlariviere,IEX,361425793301763,,FILL
T3JPM,2019-Oct-30 13:32:14.906000,JPM,19,125.780000,0.022800,REMOVED,0,,SIM-1001-101,dlariviere,IEX,361425793301764,,FILL
T3JPM,2019-Oct-30 13:35:34.655000,JPM,187,125.950000,0.224400,REMOVED,0,,SIM-1001-101,dlariviere,IEX,361425793301766,,FILL
T3JPM,2019-Oct-30 13:39:09.319000,JPM,100,125.820000,0.120000,REMOVED,0,,SIM-1001-101,dlariviere,IEX,361425793301768,,FILL
T3JPM,2019-Oct-30 13:43:44.426000,JPM,-306,126.000000,1.230854,REMOVED,0,,SIM-1001-101,dlariviere,IEX,361425793301769,,FILL
T3JPM,2019-Oct-30 13:45:21.372000,JPM,100,126.030000,0.120000,REMOVED,0,,SIM-1001-101,dlariviere,IEX,361425793301770,,FILL
T3JPM,2019-Oct-30 13:46:47.119000,JPM,-100,125.820000,0.401837,REMOVED,0,,SIM-1001-101,dlariviere,IEX,361425793301771,,FILL
T3JPM,2019-Oct-30 13:49:23.512000,JPM,5,125.840000,0.006000,REMOVED,0,,SIM-1001-101,dlariviere,IEX,361425793301772,,FILL
T3JPM,2019-Oct-30 13:51:20.610000,JPM,-5,125.880000,0.020099,REMOVED,0,,SIM-1001-101,dlariviere,IEX,361425793301773,,FILL
T3JPM,2019-Oct-30 13:54:41.281000,JPM,100,125.790000,0.120000,REMOVED,0,,SIM-1001-101,dlariviere,IEX,361425793301774,,FILL
T3JPM,2019-Oct-30 13:56:17.971000,JPM,-100,125.740000,0.401658,REMOVED,0,,SIM-1001-101,dlariviere,IEX,361425793301775,,FILL
T3JPM,2019-Oct-30 13:58:51.194000,JPM,6,125.760000,0.007200,REMOVED,0,,SIM-1001-101,dlariviere,IEX,361425793301776,,FILL
T3JPM,2019-Oct-30 14:04:11.321000,JPM,100,125.370000,0.120000,REMOVED,0,,SIM-1001-101,dlariviere,IEX,361425793301778,,FILL
T3JPM,2019-Oct-30 14:06:47.855000,JPM,-106,125.450000,0.425068,REMOVED,0,,SIM-1001-101,dlariviere,IEX,361425793301779,,FILL
T3JPM,2019-Oct-30 14:16:13.968000,JPM,100,125.740000,0.120000,REMOVED,0,,SIM-1001-101,dlariviere,IEX,361425793301782,,FILL
T3JPM,2019-Oct-30 14:23:26.405000,JPM,22,125.760000,0.026400,REMOVED,0,,SIM-1001-101,dlariviere,IEX,361425793301784,,FILL
T3JPM,2019-Oct-30 14:35:21.533000,JPM,100,125.520000,0.120000,REMOVED,0,,SIM-1001-101,dlariviere,IEX,361425793301788,,FILL
T3JPM,2019-Oct-30 14:37:27.313000,JPM,-222,125.450000,0.890238,REMOVED,0,,SIM-1001-101,dlariviere,IEX,361425793301789,,FILL
T3JPM,2019-Oct-30 14:42:46.900000,JPM,1,125.370000,0.001200,REMOVED,0,,SIM-1001-101,dlariviere,IEX,361425793301790,,FILL
T3JPM,2019-Oct-30 15:30:42.746000,JPM,12,125.260000,0.014400,REMOVED,0,,SIM-1001-101,dlariviere,IEX,361425793301792,,FILL
T3JPM,2019-Oct-30 16:36:05.847000,JPM,-13,125.400000,0.052116,REMOVED,0,,SIM-1001-101,dlariviere,IEX,361425793301795,,FILL
T3JPM,2019-Oct-30 16:42:37.738000,JPM,4,125.440000,0.004800,REMOVED,0,,SIM-1001-101,dlariviere,IEX,361425793301796,,FILL
T3JPM,2019-Oct-30 17:13:55.582000,JPM,-4,125.410000,0.016037,REMOVED,0,,SIM-1001-101,dlariviere,IEX,361425793301797,,FILL
T3JPM,2019-Oct-30 17:22:08.665000,JPM,100,125.500000,0.120000,REMOVED,0,,SIM-1001-101,dlariviere,IEX,361425793301798,,FILL
T3JPM,2019-Oct-30 17:49:23.595000,JPM,-100,125.390000,0.400874,REMOVED,0,,SIM-1001-101,dlariviere,IEX,361425793301799,,FILL
T3JPM,2019-Oct-30 18:00:04.542000,JPM,100,125.530000,0.120000,REMOVED,0,,SIM-1001-101,dlariviere,IEX,361425793301802,,FILL
T3JPM,2019-Oct-30 18:00:30.415000,JPM,-100,125.590000,0.401322,REMOVED,0,,SIM-1001-101,dlariviere,IEX,361425793301803,,FILL
T3JPM,2019-Oct-30 18:10:57.811000,JPM,32,125.400000,0.038400,REMOVED,0,,SIM-1001-101,dlariviere,IEX,361425793301806,,FILL
T3JPM,2019-Oct-30 18:22:05.320000,JPM,100,125.570000,0.120000,REMOVED,0,,SIM-1001-101,dlariviere,IEX,361425793301808,,FILL
T3JPM,2019-Oct-30 18:23:59.752000,JPM,-132,125.540000,0.529597,REMOVED,0,,SIM-1001-101,dlariviere,IEX,361425793301809,,FILL
T3JPM,2019-Oct-30 18:41:11.603000,JPM,25,125.810000,0.030000,REMOVED,0,,SIM-1001-101,dlariviere,IEX,361425793301814,,FILL
T3JPM,2019-Oct-30 18:50:42.463000,JPM,-25,125.980000,0.100549,REMOVED,0,,SIM-1001-101,dlariviere,IEX,361425793301815,,FILL
T3JPM,2019-Oct-30 18:51:02.441000,JPM,100,126.050000,0.120000,REMOVED,0,,SIM-1001-101,dlariviere,IEX,361425793301816,,FILL
T3JPM,2019-Oct-30 18:53:00.707000,JPM,-100,126.070000,0.402397,REMOVED,0,,SIM-1001-101,dlariviere,IEX,361425793301817,,FILL
T3JPM,2019-Oct-30 18:54:45.445000,JPM,100,126.140000,0.120000,REMOVED,0,,SIM-1001-101,dlariviere,IEX,361425793301818,,FILL
T3JPM,2019-Oct-30 19:03:12.254000,JPM,100,126.010000,0.120000,REMOVED,0,,SIM-1001-101,dlariviere,IEX,361425793301820,,FILL
T3JPM,2019-Oct-30 19:23:00.351000,JPM,100,125.810000,0.120000,REMOVED,0,,SIM-1001-101,dlariviere,IEX,361425793301822,,FILL
T3JPM,2019-Oct-30 19:26:18.666000,JPM,-300,125.820000,1.205510,REMOVED,0,,SIM-1001-101,dlariviere,IEX,361425793301823,,FILL
T3JPM,2019-Oct-30 19:51:21.753000,JPM,500,125.630000,0.600000,REMOVED,0,,SIM-1001-101,dlariviere,IEX,361425793301826,,FILL
T3JPM,2019-Oct-31 13:30:58.402000,JPM,-500,125.250000,2.002800,REMOVED,0,,SIM-1001-101,dlariviere,IEX,361425793301827,,FILL
T3JPM,2019-Oct-31 13:41:46.462000,JPM,600,125.150000,0.720000,REMOVED,0,,SIM-1001-101,dlariviere,IEX,361425793301830,,FILL
T3JPM,2019-Oct-31 13:42:21.900000,JPM,-600,125.020000,2.400269,REMOVED,0,,SIM-1001-101,dlariviere,IEX,361425793301831,,FILL
T3JPM,2019-Oct-31 13:45:02.420000,JPM,25,124.670000,0.030000,REMOVED,0,,SIM-1001-101,dlariviere,IEX,361425793301832,,FILL
T3JPM,2019-Oct-31 13:48:52.699000,JPM,-25,124.270000,0.099591,REMOVED,0,,SIM-1001-101,dlariviere,IEX,361425793301835,,FILL
T3JPM,2019-Oct-31 13:54:18.431000,JPM,4,124.350000,0.004800,REMOVED,0,,SIM-1001-101,dlariviere,IEX,361425793301838,,FILL
T3JPM,2019-Oct-31 13:58:45.491000,JPM,-4,124.500000,0.015955,REMOVED,0,,SIM-1001-101,dlariviere,IEX,361425793301839,,FILL
T3JPM,2019-Oct-31 14:07:28.162000,JPM,1,124.330000,0.001200,REMOVED,0,,SIM-1001-101,dlariviere,IEX,361425793301842,,FILL
T3JPM,2019-Oct-31 14:19:26.227000,JPM,-1,124.340000,0.003985,REMOVED,0,,SIM-1001-101,dlariviere,IEX,361425793301847,,FILL
T3JPM,2019-Oct-31 14:27:19.731000,JPM,90,124.050000,0.108000,REMOVED,0,,SIM-1001-101,dlariviere,IEX,361425793301848,,FILL
T3JPM,2019-Oct-31 14:30:27.472000,JPM,-90,124.000000,0.357984,REMOVED,0,,SIM-1001-101,dlariviere,IEX,361425793301849,,FILL
T3JPM,2019-Oct-31 14:35:52.767000,JPM,10,123.960000,0.012000,REMOVED,0,,SIM-1001-101,dlariviere,IEX,361425793301850,,FILL
T3JPM,2019-Oct-31 15:04:00.271000,JPM,-10,124.530000,0.039895,REMOVED,0,,SIM-1001-101,dlariviere,IEX,361425793301851,,FILL
T3JPM,2019-Oct-31 15:25:03.407000,JPM,1,124.480000,0.001200,REMOVED,0,,SIM-1001-101,dlariviere,IEX,361425793301854,,FILL
T3JPM,2019-Oct-31 15:28:00.511000,JPM,-1,124.370000,0.003986,REMOVED,0,,SIM-1001-101,dlariviere,IEX,361425793301855,,FILL
T3JPM,2019-Oct-31 15:46:38.852000,JPM,1,124.590000,0.001200,REMOVED,0,,SIM-1001-101,dlariviere,IEX,361425793301858,,FILL
T3JPM,2019-Oct-31 15:52:02.202000,JPM,-1,124.740000,0.003994,REMOVED,0,,SIM-1001-101,dlariviere,IEX,361425793301859,,FILL
T3JPM,2019-Oct-31 16:50:29.173000,JPM,1,124.290000,0.001200,REMOVED,0,,SIM-1001-101,dlariviere,IEX,361425793301868,,FILL
T3JPM,2019-Oct-31 17:00:30.478000,JPM,-1,124.330000,0.003985,REMOVED,0,,SIM-1001-101,dlariviere,IEX,361425793301869,,FILL
T3JPM,2019-Oct-31 17:02:25.647000,JPM,100,124.450000,0.120000,REMOVED,0,,SIM-1001-101,dlariviere,IEX,361425793301870,,FILL
T3JPM,2019-Oct-31 17:13:47.657000,JPM,-100,124.440000,0.398746,REMOVED,0,,SIM-1001-101,dlariviere,IEX,361425793301871,,FILL
T3JPM,2019-Oct-31 17:14:43.972000,JPM,100,124.530000,0.120000,REMOVED,0,,SIM-1001-101,dlariviere,IEX,361425793301872,,FILL
T3JPM,2019-Oct-31 18:06:45.258000,JPM,70,124.260000,0.084000,REMOVED,0,,SIM-1001-101,dlariviere,IEX,361425793301876,,FILL
T3JPM,2019-Oct-31 18:41:46.781000,JPM,-170,124.200000,0.676954,REMOVED,0,,SIM-1001-101,dlariviere,IEX,361425793301877,,FILL
T3JPM,2019-Oct-31 19:39:14.850000,JPM,100,124.380000,0.120000,REMOVED,0,,SIM-1001-101,dlariviere,IEX,361425793301880,,FILL
T3JPM,2019-Oct-31 19:54:09.974000,JPM,-100,124.440000,0.398746,REMOVED,0,,SIM-1001-101,dlariviere,IEX,361425793301881,,FILL
T3JPM,2019-Oct-31 19:54:27.103000,JPM,200,124.490000,0.240000,REMOVED,0,,SIM-1001-101,dlariviere,IEX,361425793301882,,FILL
