Name,Time,Cumulative PnL
S17,2019-Oct-28 13:30:17.445000,0.423131
S17,2019-Oct-28 13:31:19.597000,54.797639
S17,2019-Oct-28 13:32:20.768000,166.135544
S17,2019-Oct-28 13:33:22.853000,311.296202
S17,2019-Oct-28 13:34:29.632000,332.555908
S17,2019-Oct-28 13:35:32.957000,253.248312
S17,2019-Oct-28 13:36:36.933000,656.817547
S17,2019-Oct-28 13:37:40.867000,346.614219
S17,2019-Oct-28 13:38:43.225000,529.557738
S17,2019-Oct-28 13:39:48.745000,695.463481
S17,2019-Oct-28 13:40:53.564000,690.426634
S17,2019-Oct-28 13:41:56.703000,624.046540
S17,2019-Oct-28 13:43:12.207000,606.633766
S17,2019-Oct-28 13:44:18.613000,466.929465
S17,2019-Oct-28 13:45:21.691000,368.096831
S17,2019-Oct-28 13:46:23.753000,411.544867
S17,2019-Oct-28 13:47:25.926000,579.964228
S17,2019-Oct-28 13:48:27.465000,560.638499
S17,2019-Oct-28 13:49:35.689000,576.328418
S17,2019-Oct-28 13:50:44.841000,592.367133
S17,2019-Oct-28 13:51:52.882000,429.803157
S17,2019-Oct-28 13:53:08.833000,479.459075
S17,2019-Oct-28 13:54:16.594000,479.408635
S17,2019-Oct-28 13:55:33.804000,426.325514
S17,2019-Oct-28 13:56:38.989000,313.067755
S17,2019-Oct-28 13:57:41.994000,-58.464019
S17,2019-Oct-28 13:58:50.367000,-62.100869
S17,2019-Oct-28 14:00:04.250000,-74.094235
S17,2019-Oct-28 14:01:16.776000,-122.169964
S17,2019-Oct-28 14:02:19.886000,-163.474852
S17,2019-Oct-28 14:03:33.897000,57.676239
S17,2019-Oct-28 14:04:45.381000,124.728483
S17,2019-Oct-28 14:05:49.647000,109.362356
S17,2019-Oct-28 14:06:56.592000,153.455808
S17,2019-Oct-28 14:08:10.536000,141.205197
S17,2019-Oct-28 14:09:14.527000,271.432602
S17,2019-Oct-28 14:10:18.535000,116.964479
S17,2019-Oct-28 14:11:31.412000,108.991940
S17,2019-Oct-28 14:12:43.576000,4.106571
S17,2019-Oct-28 14:13:55.590000,16.352839
S17,2019-Oct-28 14:15:01.622000,-12.616027
S17,2019-Oct-28 14:16:20.950000,233.472706
S17,2019-Oct-28 14:17:29.225000,190.030168
S17,2019-Oct-28 14:18:37.438000,349.255733
S17,2019-Oct-28 14:19:46.420000,23.846067
S17,2019-Oct-28 14:20:53.467000,225.609432
S17,2019-Oct-28 14:21:58.356000,215.533459
S17,2019-Oct-28 14:23:02.652000,91.248459
S17,2019-Oct-28 14:24:07.561000,145.595369
S17,2019-Oct-28 14:25:23.648000,396.819287
S17,2019-Oct-28 14:26:28.997000,490.956824
S17,2019-Oct-28 14:27:37.254000,460.853212
S17,2019-Oct-28 14:28:50.131000,186.670717
S17,2019-Oct-28 14:29:53.176000,96.846215
S17,2019-Oct-28 14:30:56.609000,-174.307538
S17,2019-Oct-28 14:31:59.552000,-499.598738
S17,2019-Oct-28 14:33:05.562000,-573.788738
S17,2019-Oct-28 14:34:08.714000,-568.943417
S17,2019-Oct-28 14:35:17.780000,-1190.025577
S17,2019-Oct-28 14:36:26.367000,-1884.448842
S17,2019-Oct-28 14:37:34.988000,-1379.725707
S17,2019-Oct-28 14:38:42.537000,-1486.663397
S17,2019-Oct-28 14:39:52.753000,-1437.869998
S17,2019-Oct-28 14:41:03.494000,-1605.368019
S17,2019-Oct-28 14:42:12.949000,-1052.288019
S17,2019-Oct-28 14:43:15.650000,-968.547444
S17,2019-Oct-28 14:44:17.435000,-985.907454
S17,2019-Oct-28 14:45:25.865000,-1052.927556
S17,2019-Oct-28 14:46:36.829000,-1083.943351
S17,2019-Oct-28 14:47:39.907000,-973.928976
S17,2019-Oct-28 14:48:46.905000,-1088.054601
S17,2019-Oct-28 14:49:47.364000,-1523.482722
S17,2019-Oct-28 14:51:07.720000,-1436.355700
S17,2019-Oct-28 14:52:17.668000,-1347.879395
S17,2019-Oct-28 14:53:19.458000,-1206.496027
S17,2019-Oct-28 14:54:29.646000,-1417.073485
S17,2019-Oct-28 14:55:39.855000,-961.562329
S17,2019-Oct-28 14:56:51.692000,-1405.444365
S17,2019-Oct-28 14:57:58.773000,-1465.878789
S17,2019-Oct-28 14:59:14.334000,-1244.248836
S17,2019-Oct-28 15:00:25.651000,-1303.320450
S17,2019-Oct-28 15:01:32.138000,-1182.263677
S17,2019-Oct-28 15:02:34.490000,-1453.084877
S17,2019-Oct-28 15:03:49.929000,-1230.082928
S17,2019-Oct-28 15:05:10.282000,-1667.796444
S17,2019-Oct-28 15:06:22.812000,-1773.592031
S17,2019-Oct-28 15:07:32.270000,-1660.647330
S17,2019-Oct-28 15:08:40.355000,-1865.515445
S17,2019-Oct-28 15:09:52.559000,-1750.160627
S17,2019-Oct-28 15:11:22.430000,-1701.316872
S17,2019-Oct-28 15:12:30.361000,-1701.329272
S17,2019-Oct-28 15:13:39.792000,-2269.209893
S17,2019-Oct-28 15:15:01.346000,-2535.707533
S17,2019-Oct-28 15:16:07.705000,-2841.519579
S17,2019-Oct-28 15:17:27.219000,-2351.432018
S17,2019-Oct-28 15:18:36.985000,-2051.566286
S17,2019-Oct-28 15:19:48.920000,-2308.365170
S17,2019-Oct-28 15:21:04.845000,-2382.563231
S17,2019-Oct-28 15:22:08.903000,-1864.389833
S17,2019-Oct-28 15:23:17.635000,-2587.670453
S17,2019-Oct-28 15:24:26.745000,-3006.436653
S17,2019-Oct-28 15:25:47.961000,-2696.041072
S17,2019-Oct-28 15:26:59.555000,-2541.831110
S17,2019-Oct-28 15:28:07.177000,-2619.517530
S17,2019-Oct-28 15:29:25.431000,-2388.149930
S17,2019-Oct-28 15:30:34.561000,-2465.302371
S17,2019-Oct-28 15:31:40.699000,-2771.615590
S17,2019-Oct-28 15:32:48.119000,-3697.204758
S17,2019-Oct-28 15:34:04.562000,-3560.807109
S17,2019-Oct-28 15:35:17.943000,-3295.512727
S17,2019-Oct-28 15:36:19.994000,-2551.255127
S17,2019-Oct-28 15:37:37.302000,-2483.896327
S17,2019-Oct-28 15:38:44.364000,-2623.235206
S17,2019-Oct-28 15:39:56.644000,-2971.067813
S17,2019-Oct-28 15:40:57.950000,-2676.940523
S17,2019-Oct-28 15:42:03.615000,-2234.642923
S17,2019-Oct-28 15:43:10.937000,-1202.574168
S17,2019-Oct-28 15:44:13.692000,-524.847444
S17,2019-Oct-28 15:45:21.898000,979.908658
S17,2019-Oct-28 15:46:28.305000,449.211127
S17,2019-Oct-28 15:47:40.428000,285.275883
S17,2019-Oct-28 15:48:51.543000,370.694683
S17,2019-Oct-28 15:50:04.996000,498.645454
S17,2019-Oct-28 15:51:34.268000,-761.073401
S17,2019-Oct-28 15:52:58.881000,-207.770455
S17,2019-Oct-28 15:54:11.122000,-300.503194
S17,2019-Oct-28 15:55:30.309000,-114.081162
S17,2019-Oct-28 15:56:44.512000,-394.896790
S17,2019-Oct-28 15:57:57.590000,-778.960381
S17,2019-Oct-28 15:59:15.264000,-955.301581
S17,2019-Oct-28 16:00:50.300000,-910.382781
S17,2019-Oct-28 16:02:09.339000,-1720.922205
S17,2019-Oct-28 16:03:25.226000,-2525.933963
S17,2019-Oct-28 16:04:28.596000,-1847.797786
S17,2019-Oct-28 16:05:47.901000,-2123.132834
S17,2019-Oct-28 16:06:59.155000,-3223.754622
S17,2019-Oct-28 16:08:09.225000,-3213.001828
S17,2019-Oct-28 16:09:22.579000,-3801.568873
S17,2019-Oct-28 16:10:36.500000,-3694.658873
S17,2019-Oct-28 16:11:36.707000,-4710.248292
S17,2019-Oct-28 16:12:48.137000,-5137.863909
S17,2019-Oct-28 16:13:59.383000,-5405.093326
S17,2019-Oct-28 16:15:03.923000,-5618.909526
S17,2019-Oct-28 16:16:05.218000,-5405.168357
S17,2019-Oct-28 16:17:11.230000,-4442.868357
S17,2019-Oct-28 16:18:15.812000,-3633.729557
S17,2019-Oct-28 16:19:20.843000,-3579.790757
S17,2019-Oct-28 16:20:27.667000,-3409.174397
S17,2019-Oct-28 16:21:37.512000,-3939.866217
S17,2019-Oct-28 16:22:44.389000,-5413.992417
S17,2019-Oct-28 16:24:02.256000,-4646.958617
S17,2019-Oct-28 16:25:15.634000,-5105.618233
S17,2019-Oct-28 16:26:28.205000,-5048.162102
S17,2019-Oct-28 16:27:37.109000,-4818.286519
S17,2019-Oct-28 16:28:38.454000,-5048.189770
S17,2019-Oct-28 16:29:45.742000,-3724.018370
S17,2019-Oct-28 16:30:55.955000,-5068.643406
S17,2019-Oct-28 16:32:15.974000,-4019.904111
S17,2019-Oct-28 16:33:27.886000,-4135.395349
S17,2019-Oct-28 16:34:43.907000,-5285.942779
S17,2019-Oct-28 16:36:09.971000,-5629.557218
S17,2019-Oct-28 16:37:19.296000,-4500.190818
S17,2019-Oct-28 16:38:34.535000,-4498.476436
S17,2019-Oct-28 16:40:15.653000,-4383.526436
S17,2019-Oct-28 16:41:23.945000,-4557.571436
S17,2019-Oct-28 16:42:38.295000,-4496.740853
S17,2019-Oct-28 16:43:50.407000,-4496.777672
S17,2019-Oct-28 16:44:55.997000,-3960.995259
S17,2019-Oct-28 16:46:01.965000,-3854.631170
S17,2019-Oct-28 16:47:12.585000,-3582.772115
S17,2019-Oct-28 16:48:20.386000,-3856.252154
S17,2019-Oct-28 16:49:36.296000,-3856.226575
S17,2019-Oct-28 16:50:50.552000,-3148.253194
S17,2019-Oct-28 16:52:07.810000,-3351.216732
S17,2019-Oct-28 16:53:10.852000,-3807.966732
S17,2019-Oct-28 16:54:13.532000,-3910.711798
S17,2019-Oct-28 16:55:22.680000,-4320.726254
S17,2019-Oct-28 16:56:37.930000,-5038.187454
S17,2019-Oct-28 16:57:56.339000,-5653.254269
S17,2019-Oct-28 16:59:06.468000,-5491.179918
S17,2019-Oct-28 17:00:17.894000,-5436.867584
S17,2019-Oct-28 17:01:26.618000,-5327.413222
S17,2019-Oct-28 17:02:30.680000,-5060.554781
S17,2019-Oct-28 17:03:37.185000,-5016.994231
S17,2019-Oct-28 17:04:57.198000,-5061.401782
S17,2019-Oct-28 17:06:10.245000,-5453.102780
S17,2019-Oct-28 17:07:22.591000,-5230.675796
S17,2019-Oct-28 17:08:28.666000,-4962.044565
S17,2019-Oct-28 17:09:47.228000,-4828.838982
S17,2019-Oct-28 17:10:48.259000,-4783.580089
S17,2019-Oct-28 17:11:53.202000,-4175.803155
S17,2019-Oct-28 17:12:53.587000,-3573.459975
S17,2019-Oct-28 17:14:01.608000,-3271.694819
S17,2019-Oct-28 17:15:07.130000,-2749.545128
S17,2019-Oct-28 17:16:10.626000,-2533.378196
S17,2019-Oct-28 17:17:46.668000,-2966.150397
S17,2019-Oct-28 17:18:54.287000,-2454.988195
S17,2019-Oct-28 17:20:05.205000,-2333.529113
S17,2019-Oct-28 17:21:18.268000,-2537.062117
S17,2019-Oct-28 17:22:18.989000,-2863.316540
S17,2019-Oct-28 17:23:19.868000,-2705.534457
S17,2019-Oct-28 17:24:37.633000,-2469.825657
S17,2019-Oct-28 17:25:43.623000,-2391.245657
S17,2019-Oct-28 17:26:55.872000,-2312.665657
S17,2019-Oct-28 17:28:06.859000,-1952.295657
S17,2019-Oct-28 17:29:28.641000,-1186.828109
S17,2019-Oct-28 17:30:48.173000,-945.039365
S17,2019-Oct-28 17:32:03.891000,-759.755630
S17,2019-Oct-28 17:33:20.606000,-799.114542
S17,2019-Oct-28 17:34:26.479000,-285.368499
S17,2019-Oct-28 17:35:47.829000,-436.683223
S17,2019-Oct-28 17:37:05.670000,-742.955052
S17,2019-Oct-28 17:38:18.430000,-283.521252
S17,2019-Oct-28 17:39:47.918000,-245.245681
S17,2019-Oct-28 17:41:05.448000,-245.254541
S17,2019-Oct-28 17:42:22.337000,58.898629
S17,2019-Oct-28 17:43:34.591000,98.429198
S17,2019-Oct-28 17:44:55.292000,-60.670802
S17,2019-Oct-28 17:45:59.841000,138.204198
S17,2019-Oct-28 17:47:09.973000,356.998031
S17,2019-Oct-28 17:48:24.944000,847.645631
S17,2019-Oct-28 17:49:35.645000,594.065734
S17,2019-Oct-28 17:50:44.972000,376.590102
S17,2019-Oct-28 17:51:52.409000,-69.255418
S17,2019-Oct-28 17:52:53.765000,47.046552
S17,2019-Oct-28 17:54:03.127000,-729.390545
S17,2019-Oct-28 17:55:04.788000,-296.371406
S17,2019-Oct-28 17:56:12.960000,-513.995835
S17,2019-Oct-28 17:57:20.705000,-767.891463
S17,2019-Oct-28 17:58:24.884000,-949.244549
S17,2019-Oct-28 17:59:49.431000,-1162.280755
S17,2019-Oct-28 18:01:10.143000,-621.804355
S17,2019-Oct-28 18:02:21.338000,-491.392377
S17,2019-Oct-28 18:03:30.897000,-571.399354
S17,2019-Oct-28 18:04:45.830000,-1059.011811
S17,2019-Oct-28 18:05:48.433000,-1269.074265
S17,2019-Oct-28 18:07:00.856000,-1187.739798
S17,2019-Oct-28 18:08:06.856000,-1350.059225
S17,2019-Oct-28 18:09:25.391000,-1066.136935
S17,2019-Oct-28 18:10:29.750000,-1107.196935
S17,2019-Oct-28 18:11:36.488000,-1107.196935
S17,2019-Oct-28 18:12:47.753000,-1309.104497
S17,2019-Oct-28 18:13:52.264000,-1187.419550
S17,2019-Oct-28 18:14:54.264000,-1065.681377
S17,2019-Oct-28 18:16:03.232000,-659.806177
S17,2019-Oct-28 18:17:20.615000,-177.293503
S17,2019-Oct-28 18:18:37.174000,-261.213652
S17,2019-Oct-28 18:19:37.271000,-170.562570
S17,2019-Oct-28 18:20:37.395000,-308.809082
S17,2019-Oct-28 18:21:38.592000,-172.138010
S17,2019-Oct-28 18:22:42.985000,-408.006624
S17,2019-Oct-28 18:23:59.922000,-413.461104
S17,2019-Oct-28 18:25:19.324000,-181.453105
S17,2019-Oct-28 18:26:33.991000,40.904541
S17,2019-Oct-28 18:27:49.283000,-70.641659
S17,2019-Oct-28 18:29:02.469000,41.113834
S17,2019-Oct-28 18:30:08.779000,0.371373
S17,2019-Oct-28 18:31:14.690000,71.137309
S17,2019-Oct-28 18:32:25.211000,566.851677
S17,2019-Oct-28 18:33:35.194000,784.161717
S17,2019-Oct-28 18:34:46.116000,1509.141717
S17,2019-Oct-28 18:35:53.239000,1013.364249
S17,2019-Oct-28 18:36:55.965000,916.854249
S17,2019-Oct-28 18:37:59.490000,918.379750
S17,2019-Oct-28 18:39:06.855000,746.235135
S17,2019-Oct-28 18:40:10.579000,992.974703
S17,2019-Oct-28 18:41:22.453000,648.896137
S17,2019-Oct-28 18:42:37.887000,646.487819
S17,2019-Oct-28 18:43:52.858000,468.445871
S17,2019-Oct-28 18:45:05.185000,699.808252
S17,2019-Oct-28 18:46:15.981000,583.415020
S17,2019-Oct-28 18:47:23.125000,352.526724
S17,2019-Oct-28 18:48:29.575000,587.506724
S17,2019-Oct-28 18:49:41.499000,232.275710
S17,2019-Oct-28 18:50:54.159000,232.655710
S17,2019-Oct-28 18:52:14.309000,54.290710
S17,2019-Oct-28 18:53:28.185000,53.931847
S17,2019-Oct-28 18:54:31.590000,966.526805
S17,2019-Oct-28 18:55:37.586000,1216.106805
S17,2019-Oct-28 18:56:42.475000,1857.326805
S17,2019-Oct-28 18:57:45.503000,1259.390533
S17,2019-Oct-28 18:58:50.729000,550.460467
S17,2019-Oct-28 18:59:55.978000,789.473142
S17,2019-Oct-28 19:01:06.949000,1372.288825
S17,2019-Oct-28 19:02:29.156000,756.067494
S17,2019-Oct-28 19:03:34.987000,475.690030
S17,2019-Oct-28 19:04:54.126000,694.229376
S17,2019-Oct-28 19:05:57.453000,767.821976
S17,2019-Oct-28 19:07:09.766000,1503.766343
S17,2019-Oct-28 19:08:13.387000,252.742477
S17,2019-Oct-28 19:09:24.720000,-38.891248
S17,2019-Oct-28 19:10:28.799000,-701.532685
S17,2019-Oct-28 19:11:39.379000,-554.962651
S17,2019-Oct-28 19:12:45.861000,277.897111
S17,2019-Oct-28 19:13:52.325000,-1631.852208
S17,2019-Oct-28 19:14:53.604000,-1472.001924
S17,2019-Oct-28 19:15:59.670000,-2512.069324
S17,2019-Oct-28 19:17:21.117000,-2352.554119
S17,2019-Oct-28 19:18:39.258000,-2116.793895
S17,2019-Oct-28 19:19:44.236000,-3600.902010
S17,2019-Oct-28 19:20:45.665000,-3598.827278
S17,2019-Oct-28 19:21:50.165000,-2318.154834
S17,2019-Oct-28 19:23:03.337000,-2270.613118
S17,2019-Oct-28 19:24:09.567000,-2086.814375
S17,2019-Oct-28 19:25:26.369000,-2362.611829
S17,2019-Oct-28 19:26:39.348000,-705.556315
S17,2019-Oct-28 19:27:53.875000,-1442.311293
S17,2019-Oct-28 19:29:01.618000,-1996.209525
S17,2019-Oct-28 19:30:14.861000,-2459.355595
S17,2019-Oct-28 19:31:22.628000,-1657.648154
S17,2019-Oct-28 19:32:42.362000,-2469.897582
S17,2019-Oct-28 19:33:51.273000,-2774.478266
S17,2019-Oct-28 19:34:56.924000,-1556.189523
S17,2019-Oct-28 19:36:04.489000,-2571.469123
S17,2019-Oct-28 19:37:16.448000,-4091.670674
S17,2019-Oct-28 19:38:23.100000,-3522.077027
S17,2019-Oct-28 19:39:31.642000,-3136.225921
S17,2019-Oct-28 19:40:34.665000,-2751.551444
S17,2019-Oct-28 19:41:48.917000,-2166.367644
S17,2019-Oct-28 19:42:49.693000,-1956.457644
S17,2019-Oct-28 19:44:06.180000,-2691.937517
S17,2019-Oct-28 19:45:15.437000,-3539.358911
S17,2019-Oct-28 19:46:20.380000,-3647.867926
S17,2019-Oct-28 19:47:41.705000,-3320.719613
S17,2019-Oct-28 19:48:54.401000,-3451.871405
S17,2019-Oct-28 19:50:02.806000,-2921.535817
S17,2019-Oct-28 19:51:11.342000,-3236.947242
S17,2019-Oct-28 19:52:17.740000,-3450.645379
S17,2019-Oct-28 19:53:22.931000,-3457.326809
S17,2019-Oct-28 19:54:27.615000,-3558.128775
S17,2019-Oct-28 19:55:30.313000,-3452.760288
S17,2019-Oct-28 19:56:31.300000,-2680.385206
S17,2019-Oct-28 19:57:39.327000,-3254.944798
S17,2019-Oct-28 19:58:42.209000,-2784.629120
S17,2019-Oct-28 19:59:42.567000,-1366.788940
S17,2019-Oct-28 20:02:00.550000,-1355.636705
S17,2019-Oct-28 20:03:32.183000,-1355.636705
S17,2019-Oct-28 20:04:46.344000,-1355.636705
S17,2019-Oct-28 20:06:33.604000,-1355.636705
S17,2019-Oct-28 20:07:45.727000,-1355.636705
S17,2019-Oct-28 20:12:56.454000,-1355.636705
S17,2019-Oct-28 20:16:58.487000,-1355.636705
S17,2019-Oct-28 20:18:06.537000,-1355.636705
S17,2019-Oct-28 20:36:08.925000,-1355.636705
S17,2019-Oct-28 20:49:45.902000,-1355.636705
S17,2019-Oct-29 04:00:00,-1355.636705
S17,2019-Oct-29 13:02:11.306000,-1355.636705
S17,2019-Oct-29 13:30:00.333000,-1355.636705
S17,2019-Oct-29 13:31:08.277000,1901.490552
S17,2019-Oct-29 13:32:09.372000,-2030.120868
S17,2019-Oct-29 13:33:11.588000,-1728.255644
S17,2019-Oct-29 13:34:23.610000,-950.224497
S17,2019-Oct-29 13:35:31.269000,-5950.447695
S17,2019-Oct-29 13:36:36.583000,-4667.857666
S17,2019-Oct-29 13:37:38.793000,-3090.903294
S17,2019-Oct-29 13:38:42.647000,208.895506
S17,2019-Oct-29 13:39:47.156000,1125.147413
S17,2019-Oct-29 13:40:53.167000,-605.823847
S17,2019-Oct-29 13:42:03.881000,-4312.438973
S17,2019-Oct-29 13:43:17.159000,-2772.234269
S17,2019-Oct-29 13:44:35.408000,-1871.400071
S17,2019-Oct-29 13:45:43.264000,-2169.881319
S17,2019-Oct-29 13:46:56.813000,-3755.246484
S17,2019-Oct-29 13:48:11.248000,-4745.930484
S17,2019-Oct-29 13:49:20.695000,-5039.724960
S17,2019-Oct-29 13:50:23.772000,-2020.045882
S17,2019-Oct-29 13:51:33.949000,-2015.436825
S17,2019-Oct-29 13:52:41.406000,-1501.362617
S17,2019-Oct-29 13:53:46.180000,221.540257
S17,2019-Oct-29 13:54:47.957000,419.471513
S17,2019-Oct-29 13:55:52.739000,620.891449
S17,2019-Oct-29 13:56:58.572000,217.994249
S17,2019-Oct-29 13:57:59.229000,-186.033302
S17,2019-Oct-29 13:59:09.640000,-3319.074533
S17,2019-Oct-29 14:00:24.555000,-3434.907415
S17,2019-Oct-29 14:01:28.943000,-6552.332297
S17,2019-Oct-29 14:02:40.214000,-6330.192229
S17,2019-Oct-29 14:03:43.467000,-6855.416170
S17,2019-Oct-29 14:04:59.531000,-8220.648131
S17,2019-Oct-29 14:06:05.939000,-8205.857936
S17,2019-Oct-29 14:07:14.642000,-10652.375938
S17,2019-Oct-29 14:08:28.857000,-10245.834775
S17,2019-Oct-29 14:09:32.496000,-11230.019794
S17,2019-Oct-29 14:10:41.339000,-7690.189544
S17,2019-Oct-29 14:11:46.446000,-7988.484544
S17,2019-Oct-29 14:12:56.241000,-8478.321453
S17,2019-Oct-29 14:14:10.782000,-9665.514698
S17,2019-Oct-29 14:15:23.417000,-6372.891560
S17,2019-Oct-29 14:16:38.790000,-7811.426525
S17,2019-Oct-29 14:17:41.158000,-9020.969289
S17,2019-Oct-29 14:18:50.273000,-9744.366330
S17,2019-Oct-29 14:19:57.530000,-10056.969442
S17,2019-Oct-29 14:21:11.535000,-9242.147442
S17,2019-Oct-29 14:22:21.775000,-9242.793154
S17,2019-Oct-29 14:23:35.819000,-9149.117145
S17,2019-Oct-29 14:24:36.641000,-9879.391726
S17,2019-Oct-29 14:25:44.657000,-10922.750985
S17,2019-Oct-29 14:27:08.510000,-11135.412861
S17,2019-Oct-29 14:28:17.150000,-9671.084061
S17,2019-Oct-29 14:29:34.151000,-8413.491755
S17,2019-Oct-29 14:30:36.391000,-9887.906217
S17,2019-Oct-29 14:31:50.188000,-11364.565835
S17,2019-Oct-29 14:32:52.186000,-10408.812035
S17,2019-Oct-29 14:33:58.816000,-8787.371387
S17,2019-Oct-29 14:35:04.128000,-8245.656811
S17,2019-Oct-29 14:36:07.749000,-5314.218837
S17,2019-Oct-29 14:37:16.594000,-7266.787298
S17,2019-Oct-29 14:38:25.418000,-10406.219742
S17,2019-Oct-29 14:39:33.226000,-11061.660061
S17,2019-Oct-29 14:40:39.782000,-8785.712128
S17,2019-Oct-29 14:41:46.947000,-9006.001490
S17,2019-Oct-29 14:42:56.626000,-8897.856490
S17,2019-Oct-29 14:44:04.961000,-8357.125090
S17,2019-Oct-29 14:45:11.780000,-11053.078815
S17,2019-Oct-29 14:46:17.170000,-9079.633282
S17,2019-Oct-29 14:47:23.538000,-9079.544839
S17,2019-Oct-29 14:48:30.670000,-9347.798373
S17,2019-Oct-29 14:49:37.747000,-10480.899611
S17,2019-Oct-29 14:50:48.108000,-11551.904611
S17,2019-Oct-29 14:51:58.564000,-11196.090917
S17,2019-Oct-29 14:53:01.595000,-12860.262157
S17,2019-Oct-29 14:54:06.554000,-16779.681987
S17,2019-Oct-29 14:55:19.385000,-20001.207250
S17,2019-Oct-29 14:56:25.268000,-18927.488450
S17,2019-Oct-29 14:57:33.215000,-19290.344509
S17,2019-Oct-29 14:58:38.736000,-16332.218896
S17,2019-Oct-29 14:59:44.668000,-18357.695752
S17,2019-Oct-29 15:00:50.424000,-13668.648124
S17,2019-Oct-29 15:01:59.584000,-15119.196208
S17,2019-Oct-29 15:03:05.701000,-13897.156502
S17,2019-Oct-29 15:04:17.354000,-13530.332040
S17,2019-Oct-29 15:05:34.236000,-11954.154732
S17,2019-Oct-29 15:06:42.782000,-13283.996969
S17,2019-Oct-29 15:07:50.426000,-14129.922621
S17,2019-Oct-29 15:08:50.473000,-13882.537333
S17,2019-Oct-29 15:10:10.121000,-15531.961269
S17,2019-Oct-29 15:11:16.845000,-15771.280541
S17,2019-Oct-29 15:12:25.951000,-17323.161209
S17,2019-Oct-29 15:13:53.626000,-16488.062070
S17,2019-Oct-29 15:15:00.198000,-16725.428980
S17,2019-Oct-29 15:16:07.645000,-16719.518366
S17,2019-Oct-29 15:17:33.281000,-20005.749592
S17,2019-Oct-29 15:19:03.668000,-19301.565204
S17,2019-Oct-29 15:20:12.446000,-21635.827689
S17,2019-Oct-29 15:21:17.666000,-24286.170439
S17,2019-Oct-29 15:22:20.112000,-25070.116736
S17,2019-Oct-29 15:23:24.473000,-25794.209452
S17,2019-Oct-29 15:24:49.236000,-27271.202994
S17,2019-Oct-29 15:25:53.424000,-26469.183095
S17,2019-Oct-29 15:27:01.112000,-25976.428115
S17,2019-Oct-29 15:28:03.828000,-28341.268115
S17,2019-Oct-29 15:29:17.877000,-26764.713719
S17,2019-Oct-29 15:30:24.987000,-27069.548423
S17,2019-Oct-29 15:31:30.621000,-26981.474027
S17,2019-Oct-29 15:32:34.210000,-24778.660616
S17,2019-Oct-29 15:33:39.128000,-24166.181294
S17,2019-Oct-29 15:34:41.987000,-23645.334373
S17,2019-Oct-29 15:35:42.388000,-23206.586773
S17,2019-Oct-29 15:36:50.312000,-23911.135591
S17,2019-Oct-29 15:38:06.124000,-24967.926819
S17,2019-Oct-29 15:39:21.475000,-26200.374919
S17,2019-Oct-29 15:40:26.906000,-24100.066325
S17,2019-Oct-29 15:41:40.803000,-23055.044293
S17,2019-Oct-29 15:42:51.388000,-22893.552082
S17,2019-Oct-29 15:44:00.294000,-22050.918977
S17,2019-Oct-29 15:45:09.463000,-22506.014698
S17,2019-Oct-29 15:46:17.729000,-21385.412309
S17,2019-Oct-29 15:47:26.115000,-21838.739016
S17,2019-Oct-29 15:48:27.878000,-21761.670216
S17,2019-Oct-29 15:50:08.287000,-22147.802335
S17,2019-Oct-29 15:51:23.680000,-23972.907984
S17,2019-Oct-29 15:52:35.333000,-20982.587984
S17,2019-Oct-29 15:53:44.626000,-21214.663680
S17,2019-Oct-29 15:54:53.825000,-20074.934454
S17,2019-Oct-29 15:56:00.161000,-19540.089454
S17,2019-Oct-29 15:57:05.334000,-19620.565217
S17,2019-Oct-29 15:58:19.578000,-20000.532031
S17,2019-Oct-29 15:59:26.968000,-24301.709837
S17,2019-Oct-29 16:00:35.684000,-23470.184551
S17,2019-Oct-29 16:01:40.225000,-21759.017765
S17,2019-Oct-29 16:02:49.251000,-21973.242626
S17,2019-Oct-29 16:03:59.885000,-23081.518693
S17,2019-Oct-29 16:05:06.526000,-23604.813870
S17,2019-Oct-29 16:06:13.546000,-24666.014141
S17,2019-Oct-29 16:07:20.615000,-23854.555203
S17,2019-Oct-29 16:08:32.442000,-23082.604565
S17,2019-Oct-29 16:09:37.375000,-23619.312991
S17,2019-Oct-29 16:10:45.205000,-23911.070838
S17,2019-Oct-29 16:11:51.796000,-23525.415096
S17,2019-Oct-29 16:13:02.211000,-22975.301629
S17,2019-Oct-29 16:14:11.889000,-23099.949549
S17,2019-Oct-29 16:15:26.811000,-22720.595158
S17,2019-Oct-29 16:16:36.107000,-22352.097813
S17,2019-Oct-29 16:17:37.605000,-22197.222813
S17,2019-Oct-29 16:18:55.127000,-22302.092813
S17,2019-Oct-29 16:20:09.297000,-22298.013395
S17,2019-Oct-29 16:21:25.549000,-22091.533395
S17,2019-Oct-29 16:22:40.202000,-21063.836985
S17,2019-Oct-29 16:23:51.712000,-20607.808575
S17,2019-Oct-29 16:25:03.601000,-20711.065390
S17,2019-Oct-29 16:26:07.306000,-20058.317110
S17,2019-Oct-29 16:27:36.435000,-19502.083286
S17,2019-Oct-29 16:28:41.265000,-19966.094519
S17,2019-Oct-29 16:29:52.629000,-20120.746950
S17,2019-Oct-29 16:31:02.319000,-19616.103634
S17,2019-Oct-29 16:32:27.211000,-19216.644604
S17,2019-Oct-29 16:33:48.169000,-19335.780804
S17,2019-Oct-29 16:35:00.662000,-18820.203729
S17,2019-Oct-29 16:36:17.931000,-19055.416817
S17,2019-Oct-29 16:37:28.561000,-19293.025653
S17,2019-Oct-29 16:38:54.337000,-19021.226106
S17,2019-Oct-29 16:40:07.930000,-19714.345406
S17,2019-Oct-29 16:41:16.292000,-19718.716411
S17,2019-Oct-29 16:42:16.381000,-19945.206411
S17,2019-Oct-29 16:43:25.641000,-19970.591210
S17,2019-Oct-29 16:44:42.150000,-20022.935132
S17,2019-Oct-29 16:45:46.257000,-19708.104787
S17,2019-Oct-29 16:47:07.221000,-20074.908387
S17,2019-Oct-29 16:48:22.583000,-20027.920982
S17,2019-Oct-29 16:49:40.550000,-19948.030397
S17,2019-Oct-29 16:50:58.636000,-19705.715397
S17,2019-Oct-29 16:52:02.850000,-19897.161949
S17,2019-Oct-29 16:53:16.354000,-20110.881949
S17,2019-Oct-29 16:54:24.260000,-19650.769349
S17,2019-Oct-29 16:55:42.763000,-19705.538713
S17,2019-Oct-29 16:57:25.568000,-19652.653954
S17,2019-Oct-29 16:58:43.274000,-19975.101723
S17,2019-Oct-29 16:59:43.801000,-20130.669237
S17,2019-Oct-29 17:00:52.576000,-19765.141637
S17,2019-Oct-29 17:02:16.300000,-19702.559781
S17,2019-Oct-29 17:03:21.496000,-19705.010211
S17,2019-Oct-29 17:04:32.137000,-19867.794276
S17,2019-Oct-29 17:05:38.677000,-19868.396266
S17,2019-Oct-29 17:06:57.267000,-19866.812666
S17,2019-Oct-29 17:08:01.793000,-20045.516603
S17,2019-Oct-29 17:09:04.460000,-19957.838418
S17,2019-Oct-29 17:10:15.630000,-20279.203418
S17,2019-Oct-29 17:11:25.429000,-20103.885818
S17,2019-Oct-29 17:12:32.883000,-20562.368653
S17,2019-Oct-29 17:13:43.655000,-20647.032479
S17,2019-Oct-29 17:14:50.476000,-20758.830338
S17,2019-Oct-29 17:16:08.980000,-20946.322551
S17,2019-Oct-29 17:17:20.290000,-20523.392351
S17,2019-Oct-29 17:18:27.266000,-20555.017351
S17,2019-Oct-29 17:19:30.869000,-20679.979857
S17,2019-Oct-29 17:20:36.719000,-20649.672470
S17,2019-Oct-29 17:21:56.534000,-20522.452470
S17,2019-Oct-29 17:22:58.797000,-20586.062470
S17,2019-Oct-29 17:24:10.523000,-21126.747470
S17,2019-Oct-29 17:25:25.547000,-21596.661805
S17,2019-Oct-29 17:26:48.679000,-22410.201805
S17,2019-Oct-29 17:28:10.905000,-22535.302416
S17,2019-Oct-29 17:29:17.423000,-22751.952416
S17,2019-Oct-29 17:30:17.852000,-22720.662416
S17,2019-Oct-29 17:31:34.702000,-22532.922416
S17,2019-Oct-29 17:32:56.147000,-22501.632416
S17,2019-Oct-29 17:34:02.957000,-22800.814260
S17,2019-Oct-29 17:35:10.630000,-22949.739260
S17,2019-Oct-29 17:36:26.135000,-23405.908964
S17,2019-Oct-29 17:37:34.256000,-23717.268964
S17,2019-Oct-29 17:38:41.496000,-24146.629319
S17,2019-Oct-29 17:39:43.630000,-23613.567877
S17,2019-Oct-29 17:40:52.339000,-24134.849883
S17,2019-Oct-29 17:42:07.832000,-24138.835430
S17,2019-Oct-29 17:43:15.271000,-23462.764030
S17,2019-Oct-29 17:44:19.202000,-23441.241718
S17,2019-Oct-29 17:45:30.332000,-23632.036321
S17,2019-Oct-29 17:46:44.197000,-24137.280677
S17,2019-Oct-29 17:47:52.340000,-23644.703477
S17,2019-Oct-29 17:49:13.218000,-24088.643618
S17,2019-Oct-29 17:50:26.679000,-24208.443428
S17,2019-Oct-29 17:51:47.218000,-24167.538434
S17,2019-Oct-29 17:52:54.500000,-24559.946494
S17,2019-Oct-29 17:54:05.555000,-24251.987618
S17,2019-Oct-29 17:55:39.583000,-24021.048021
S17,2019-Oct-29 17:56:47.515000,-23636.062422
S17,2019-Oct-29 17:58:04.478000,-23713.079226
S17,2019-Oct-29 17:59:16.326000,-23940.645554
S17,2019-Oct-29 18:00:24.829000,-24442.778113
S17,2019-Oct-29 18:01:28.487000,-24917.074742
S17,2019-Oct-29 18:02:31.348000,-25106.756442
S17,2019-Oct-29 18:03:43.335000,-24701.806413
S17,2019-Oct-29 18:05:01.347000,-24591.701445
S17,2019-Oct-29 18:06:06.700000,-24407.179835
S17,2019-Oct-29 18:07:08.739000,-24340.495436
S17,2019-Oct-29 18:08:15.215000,-24229.345436
S17,2019-Oct-29 18:09:29.160000,-24185.451821
S17,2019-Oct-29 18:10:38.476000,-24075.460815
S17,2019-Oct-29 18:11:54.572000,-24428.099432
S17,2019-Oct-29 18:13:05.572000,-24244.663833
S17,2019-Oct-29 18:14:10.123000,-24243.919250
S17,2019-Oct-29 18:15:24.609000,-24143.492178
S17,2019-Oct-29 18:16:28.915000,-24224.821951
S17,2019-Oct-29 18:17:45.447000,-24570.781951
S17,2019-Oct-29 18:18:53.147000,-24777.456890
S17,2019-Oct-29 18:19:59.160000,-24659.676890
S17,2019-Oct-29 18:21:07.340000,-24283.951932
S17,2019-Oct-29 18:22:22.340000,-24281.871519
S17,2019-Oct-29 18:23:36.462000,-24623.130920
S17,2019-Oct-29 18:24:47.996000,-24151.735798
S17,2019-Oct-29 18:25:55.408000,-24345.220961
S17,2019-Oct-29 18:26:59.740000,-24729.250362
S17,2019-Oct-29 18:28:07.340000,-24753.800362
S17,2019-Oct-29 18:29:17.394000,-24893.476562
S17,2019-Oct-29 18:30:31.298000,-24494.708530
S17,2019-Oct-29 18:31:42.163000,-24264.428530
S17,2019-Oct-29 18:32:55.401000,-24293.214730
S17,2019-Oct-29 18:33:57.535000,-24293.258334
S17,2019-Oct-29 18:35:14.257000,-24697.915018
S17,2019-Oct-29 18:36:18.213000,-24705.229990
S17,2019-Oct-29 18:37:25.374000,-24603.118763
S17,2019-Oct-29 18:38:30.734000,-24527.545553
S17,2019-Oct-29 18:39:37.225000,-24501.016753
S17,2019-Oct-29 18:40:52.340000,-24348.708174
S17,2019-Oct-29 18:42:02.312000,-24350.477450
S17,2019-Oct-29 18:43:14.547000,-24215.560083
S17,2019-Oct-29 18:44:23.934000,-24350.340766
S17,2019-Oct-29 18:45:43.849000,-24012.790887
S17,2019-Oct-29 18:46:54.479000,-23972.957750
S17,2019-Oct-29 18:48:14.245000,-24013.742473
S17,2019-Oct-29 18:49:20.510000,-23769.072450
S17,2019-Oct-29 18:50:25.303000,-23901.654884
S17,2019-Oct-29 18:52:00.934000,-23751.837716
S17,2019-Oct-29 18:53:08.477000,-23417.965929
S17,2019-Oct-29 18:54:16.673000,-23715.890055
S17,2019-Oct-29 18:55:22.943000,-23540.348461
S17,2019-Oct-29 18:56:28.471000,-23692.787237
S17,2019-Oct-29 18:57:55.209000,-23741.467881
S17,2019-Oct-29 18:59:01.435000,-23664.192286
S17,2019-Oct-29 19:00:24.114000,-23697.214940
S17,2019-Oct-29 19:01:41.708000,-23654.837546
S17,2019-Oct-29 19:02:50.585000,-23770.387438
S17,2019-Oct-29 19:03:59.193000,-23770.403638
S17,2019-Oct-29 19:05:11.405000,-23799.871315
S17,2019-Oct-29 19:06:16.167000,-24170.757022
S17,2019-Oct-29 19:07:26.791000,-24339.627022
S17,2019-Oct-29 19:08:33.480000,-23973.742022
S17,2019-Oct-29 19:09:49.455000,-23975.007204
S17,2019-Oct-29 19:10:50.173000,-23919.561604
S17,2019-Oct-29 19:12:02.924000,-23887.497619
S17,2019-Oct-29 19:13:11.546000,-23598.847023
S17,2019-Oct-29 19:14:50.722000,-23743.177628
S17,2019-Oct-29 19:15:53.379000,-23743.190843
S17,2019-Oct-29 19:16:56.364000,-23685.587648
S17,2019-Oct-29 19:18:04.966000,-23276.220592
S17,2019-Oct-29 19:19:14.277000,-23356.209395
S17,2019-Oct-29 19:20:15.273000,-22698.775595
S17,2019-Oct-29 19:21:21.990000,-23057.305034
S17,2019-Oct-29 19:22:24.506000,-23182.293922
S17,2019-Oct-29 19:23:39.966000,-23398.328579
S17,2019-Oct-29 19:24:47.566000,-23635.855425
S17,2019-Oct-29 19:25:54.541000,-23418.482707
S17,2019-Oct-29 19:27:02.150000,-23785.528452
S17,2019-Oct-29 19:28:21.157000,-24139.064348
S17,2019-Oct-29 19:29:30.165000,-24143.314353
S17,2019-Oct-29 19:30:37.340000,-24330.401156
S17,2019-Oct-29 19:31:49.440000,-24257.092686
S17,2019-Oct-29 19:32:52.340000,-23977.557493
S17,2019-Oct-29 19:34:01.100000,-24086.716986
S17,2019-Oct-29 19:35:04.359000,-24060.981394
S17,2019-Oct-29 19:36:07.799000,-24120.502371
S17,2019-Oct-29 19:37:20.164000,-24501.757058
S17,2019-Oct-29 19:38:35.912000,-24748.816666
S17,2019-Oct-29 19:39:39.334000,-25005.229074
S17,2019-Oct-29 19:40:50.891000,-24689.657279
S17,2019-Oct-29 19:41:53.743000,-25095.258463
S17,2019-Oct-29 19:43:05.491000,-24400.672295
S17,2019-Oct-29 19:44:21.994000,-24459.991349
S17,2019-Oct-29 19:45:28.714000,-23963.999497
S17,2019-Oct-29 19:46:38.699000,-24562.003909
S17,2019-Oct-29 19:47:42.289000,-24891.664524
S17,2019-Oct-29 19:48:52.275000,-26286.370524
S17,2019-Oct-29 19:49:57.851000,-25000.374921
S17,2019-Oct-29 19:51:03.803000,-25445.087358
S17,2019-Oct-29 19:52:10.227000,-25588.223494
S17,2019-Oct-29 19:53:16.457000,-25468.256965
S17,2019-Oct-29 19:54:24.321000,-25077.752879
S17,2019-Oct-29 19:55:28.571000,-25094.893274
S17,2019-Oct-29 19:56:29.558000,-25586.672477
S17,2019-Oct-29 19:57:31.896000,-25729.758477
S17,2019-Oct-29 19:58:32.841000,-26075.073797
S17,2019-Oct-29 19:59:34.454000,-25727.543999
S17,2019-Oct-29 20:02:51.844000,-25730.996027
S17,2019-Oct-29 20:06:35.449000,-25730.996027
S17,2019-Oct-29 20:09:54.145000,-25730.996027
S17,2019-Oct-29 20:12:38.684000,-25730.996027
S17,2019-Oct-29 20:14:00.650000,-25730.996027
S17,2019-Oct-29 20:30:01.221000,-25730.996027
S17,2019-Oct-30 04:00:00,-25730.996027
S17,2019-Oct-30 13:30:00.121000,-25730.996027
S17,2019-Oct-30 13:31:12.533000,-18811.008582
S17,2019-Oct-30 13:32:20.741000,-16613.979774
S17,2019-Oct-30 13:33:29.974000,-17258.544237
S17,2019-Oct-30 13:34:36.818000,-18225.780364
S17,2019-Oct-30 13:35:49.534000,-18354.446030
S17,2019-Oct-30 13:36:58.520000,-19396.909766
S17,2019-Oct-30 13:38:06.688000,-19462.882178
S17,2019-Oct-30 13:39:08.279000,-19326.792225
S17,2019-Oct-30 13:40:13.717000,-19793.184406
S17,2019-Oct-30 13:41:14.338000,-20511.016654
S17,2019-Oct-30 13:42:17.432000,-19168.754311
S17,2019-Oct-30 13:43:20.966000,-18528.309950
S17,2019-Oct-30 13:44:35.441000,-18139.184122
S17,2019-Oct-30 13:45:49.321000,-21158.831363
S17,2019-Oct-30 13:47:01.325000,-21063.131458
S17,2019-Oct-30 13:48:10.229000,-21070.909374
S17,2019-Oct-30 13:49:17.682000,-19534.086468
S17,2019-Oct-30 13:50:40.907000,-19526.438363
S17,2019-Oct-30 13:51:48.517000,-19922.474128
S17,2019-Oct-30 13:52:54.856000,-19613.873355
S17,2019-Oct-30 13:54:08.313000,-20032.592174
S17,2019-Oct-30 13:55:21.198000,-19204.065845
S17,2019-Oct-30 13:56:32.437000,-18985.299055
S17,2019-Oct-30 13:57:38.146000,-19506.735002
S17,2019-Oct-30 13:58:45.289000,-19355.675583
S17,2019-Oct-30 13:59:56.401000,-19140.211236
S17,2019-Oct-30 14:01:04.218000,-19337.835051
S17,2019-Oct-30 14:02:16.173000,-18768.487482
S17,2019-Oct-30 14:03:19.668000,-18862.306584
S17,2019-Oct-30 14:04:22.817000,-20362.001434
S17,2019-Oct-30 14:05:29.895000,-20397.616823
S17,2019-Oct-30 14:06:35.140000,-22258.629191
S17,2019-Oct-30 14:07:39.605000,-21823.096222
S17,2019-Oct-30 14:08:45.514000,-21699.860626
S17,2019-Oct-30 14:09:47.527000,-21946.573840
S17,2019-Oct-30 14:10:50.565000,-21299.620989
S17,2019-Oct-30 14:12:01.590000,-21574.355437
S17,2019-Oct-30 14:13:10.729000,-21025.353173
S17,2019-Oct-30 14:14:18.286000,-21773.977818
S17,2019-Oct-30 14:15:25.857000,-21151.231850
S17,2019-Oct-30 14:16:35.674000,-21163.670319
S17,2019-Oct-30 14:17:52.770000,-20953.774791
S17,2019-Oct-30 14:19:12.959000,-20335.735803
S17,2019-Oct-30 14:20:23.316000,-19852.202377
S17,2019-Oct-30 14:21:35.786000,-19854.832292
S17,2019-Oct-30 14:22:39.720000,-20300.439372
S17,2019-Oct-30 14:23:46.803000,-19761.159372
S17,2019-Oct-30 14:24:55.780000,-19660.193233
S17,2019-Oct-30 14:25:59.827000,-19199.862217
S17,2019-Oct-30 14:27:04.695000,-18750.252242
S17,2019-Oct-30 14:28:15.253000,-18429.819115
S17,2019-Oct-30 14:29:27.369000,-18428.052100
S17,2019-Oct-30 14:30:40.853000,-18852.950785
S17,2019-Oct-30 14:31:54.497000,-19631.103343
S17,2019-Oct-30 14:33:08.541000,-20194.709202
S17,2019-Oct-30 14:34:09.630000,-19703.069605
S17,2019-Oct-30 14:35:18.678000,-19134.960631
S17,2019-Oct-30 14:36:29.750000,-18073.206631
S17,2019-Oct-30 14:37:40.638000,-18338.587599
S17,2019-Oct-30 14:38:58.613000,-18301.172599
S17,2019-Oct-30 14:40:03.207000,-18303.401621
S17,2019-Oct-30 14:41:17.269000,-18445.756801
S17,2019-Oct-30 14:42:33.123000,-18552.580056
S17,2019-Oct-30 14:43:39.755000,-17552.216256
S17,2019-Oct-30 14:44:54.991000,-17807.077785
S17,2019-Oct-30 14:46:10.984000,-17627.359803
S17,2019-Oct-30 14:47:19.470000,-16538.865221
S17,2019-Oct-30 14:48:25.630000,-16657.562666
S17,2019-Oct-30 14:49:39.993000,-16228.704890
S17,2019-Oct-30 14:50:50.798000,-16601.379203
S17,2019-Oct-30 14:52:04.658000,-16352.757583
S17,2019-Oct-30 14:53:04.706000,-16352.757583
S17,2019-Oct-30 14:54:15.877000,-16650.317050
S17,2019-Oct-30 14:55:19.752000,-16397.691471
S17,2019-Oct-30 14:56:25.914000,-16572.392712
S17,2019-Oct-30 14:57:32.870000,-16616.032712
S17,2019-Oct-30 14:58:44.629000,-16353.428312
S17,2019-Oct-30 14:59:51.577000,-16398.820446
S17,2019-Oct-30 15:00:55.325000,-16801.518041
S17,2019-Oct-30 15:02:07.935000,-17026.343041
S17,2019-Oct-30 15:03:09.679000,-18297.337565
S17,2019-Oct-30 15:04:15.500000,-17498.445331
S17,2019-Oct-30 15:05:20.584000,-17409.087731
S17,2019-Oct-30 15:06:29.213000,-17409.113388
S17,2019-Oct-30 15:07:33.810000,-17679.904536
S17,2019-Oct-30 15:08:54.689000,-17147.040024
S17,2019-Oct-30 15:10:05.766000,-17325.960099
S17,2019-Oct-30 15:11:08.179000,-17238.593704
S17,2019-Oct-30 15:12:10.769000,-16429.584904
S17,2019-Oct-30 15:13:16.626000,-16154.944947
S17,2019-Oct-30 15:14:23.656000,-16753.660303
S17,2019-Oct-30 15:15:29.246000,-17027.592623
S17,2019-Oct-30 15:16:39.101000,-16801.035995
S17,2019-Oct-30 15:17:45.434000,-17272.128882
S17,2019-Oct-30 15:18:57.595000,-17487.567128
S17,2019-Oct-30 15:20:06.142000,-17662.271182
S17,2019-Oct-30 15:21:16.458000,-18145.538533
S17,2019-Oct-30 15:22:23.160000,-18230.387582
S17,2019-Oct-30 15:23:24.891000,-18147.512415
S17,2019-Oct-30 15:24:42.246000,-18229.934048
S17,2019-Oct-30 15:25:54.417000,-18230.403739
S17,2019-Oct-30 15:27:15.175000,-17610.564023
S17,2019-Oct-30 15:28:22.708000,-17916.194750
S17,2019-Oct-30 15:29:47.111000,-18037.691000
S17,2019-Oct-30 15:30:56.673000,-18116.316618
S17,2019-Oct-30 15:32:04.349000,-17683.827887
S17,2019-Oct-30 15:33:09.543000,-17683.843542
S17,2019-Oct-30 15:34:17.187000,-17647.162960
S17,2019-Oct-30 15:35:22.436000,-17567.552960
S17,2019-Oct-30 15:36:33.599000,-17487.939160
S17,2019-Oct-30 15:37:55.854000,-17428.917524
S17,2019-Oct-30 15:39:02.109000,-17716.022351
S17,2019-Oct-30 15:40:06.327000,-18031.282351
S17,2019-Oct-30 15:41:11.635000,-18106.696392
S17,2019-Oct-30 15:42:18.497000,-18069.265225
S17,2019-Oct-30 15:43:25.520000,-17909.541072
S17,2019-Oct-30 15:44:31.758000,-18083.565841
S17,2019-Oct-30 15:45:57.100000,-17744.676786
S17,2019-Oct-30 15:47:06.644000,-17878.146079
S17,2019-Oct-30 15:48:14.719000,-17674.589137
S17,2019-Oct-30 15:49:25.345000,-17599.874173
S17,2019-Oct-30 15:50:28.162000,-17450.620261
S17,2019-Oct-30 15:51:32.415000,-18150.275879
S17,2019-Oct-30 15:52:43.900000,-17754.815879
S17,2019-Oct-30 15:53:48.483000,-18029.179518
S17,2019-Oct-30 15:54:52.966000,-17720.077561
S17,2019-Oct-30 15:56:02.613000,-17658.332799
S17,2019-Oct-30 15:57:03.434000,-17565.242799
S17,2019-Oct-30 15:58:14.410000,-17656.787421
S17,2019-Oct-30 15:59:17.918000,-17832.453621
S17,2019-Oct-30 16:00:26.233000,-18200.454272
S17,2019-Oct-30 16:01:44.882000,-17700.530732
S17,2019-Oct-30 16:02:55.117000,-18228.797364
S17,2019-Oct-30 16:04:03.645000,-18234.780546
S17,2019-Oct-30 16:05:11.368000,-17967.110580
S17,2019-Oct-30 16:06:23.723000,-17691.510361
S17,2019-Oct-30 16:07:33.846000,-17788.801573
S17,2019-Oct-30 16:08:43.132000,-17402.081573
S17,2019-Oct-30 16:09:58.846000,-17405.146608
S17,2019-Oct-30 16:11:07.343000,-17219.896204
S17,2019-Oct-30 16:12:14.811000,-17055.721892
S17,2019-Oct-30 16:13:22.254000,-16974.004460
S17,2019-Oct-30 16:14:22.593000,-17056.554503
S17,2019-Oct-30 16:15:34.621000,-17510.573997
S17,2019-Oct-30 16:16:40.228000,-16868.653997
S17,2019-Oct-30 16:17:50.433000,-17149.462839
S17,2019-Oct-30 16:19:00.380000,-17031.009039
S17,2019-Oct-30 16:20:17.930000,-17322.274081
S17,2019-Oct-30 16:21:35.808000,-17488.714081
S17,2019-Oct-30 16:22:53.209000,-17412.050878
S17,2019-Oct-30 16:24:00.438000,-17495.520878
S17,2019-Oct-30 16:25:19.313000,-16860.493567
S17,2019-Oct-30 16:26:33.631000,-16902.749767
S17,2019-Oct-30 16:27:37.742000,-16427.005012
S17,2019-Oct-30 16:28:53.611000,-17465.845012
S17,2019-Oct-30 16:30:08.179000,-17418.901412
S17,2019-Oct-30 16:31:10.242000,-17608.863891
S17,2019-Oct-30 16:32:16.775000,-17321.352730
S17,2019-Oct-30 16:33:23.444000,-17513.440328
S17,2019-Oct-30 16:34:27.895000,-17149.655371
S17,2019-Oct-30 16:35:33.775000,-17195.575371
S17,2019-Oct-30 16:36:37.341000,-16413.320305
S17,2019-Oct-30 16:37:42.149000,-16782.065229
S17,2019-Oct-30 16:38:43.574000,-16783.551870
S17,2019-Oct-30 16:39:59.300000,-16602.417492
S17,2019-Oct-30 16:41:02.203000,-16472.382119
S17,2019-Oct-30 16:42:09.576000,-16429.154366
S17,2019-Oct-30 16:43:13.315000,-16472.944366
S17,2019-Oct-30 16:44:21.952000,-16560.524366
S17,2019-Oct-30 16:45:49.506000,-16166.339166
S17,2019-Oct-30 16:47:12.982000,-16036.851479
S17,2019-Oct-30 16:48:18.438000,-16253.401479
S17,2019-Oct-30 16:49:27.177000,-16210.091479
S17,2019-Oct-30 16:50:38.296000,-16340.021479
S17,2019-Oct-30 16:51:47.304000,-16210.091479
S17,2019-Oct-30 16:52:59.324000,-16340.015902
S17,2019-Oct-30 16:54:17.116000,-16642.119326
S17,2019-Oct-30 16:55:31.899000,-16770.633348
S17,2019-Oct-30 16:56:34.442000,-17115.393348
S17,2019-Oct-30 16:57:36.416000,-17072.606148
S17,2019-Oct-30 16:58:49.517000,-17158.870282
S17,2019-Oct-30 17:00:03.908000,-17623.463415
S17,2019-Oct-30 17:01:20.805000,-17998.806434
S17,2019-Oct-30 17:02:23.809000,-18038.756230
S17,2019-Oct-30 17:03:34.729000,-17938.257369
S17,2019-Oct-30 17:04:43.916000,-17775.892697
S17,2019-Oct-30 17:05:57.523000,-18245.746510
S17,2019-Oct-30 17:07:25.618000,-18011.272128
S17,2019-Oct-30 17:08:33.276000,-17972.213946
S17,2019-Oct-30 17:09:51.753000,-17699.180856
S17,2019-Oct-30 17:11:15.653000,-17855.521451
S17,2019-Oct-30 17:12:27.326000,-17701.143851
S17,2019-Oct-30 17:13:31.604000,-17315.199470
S17,2019-Oct-30 17:14:45.495000,-17161.916291
S17,2019-Oct-30 17:15:58.589000,-17161.917491
S17,2019-Oct-30 17:17:02.416000,-16770.793112
S17,2019-Oct-30 17:18:11.897000,-17044.501377
S17,2019-Oct-30 17:19:16.236000,-17005.410798
S17,2019-Oct-30 17:20:34.380000,-16926.624841
S17,2019-Oct-30 17:21:36.109000,-16926.748441
S17,2019-Oct-30 17:22:59.981000,-17284.821177
S17,2019-Oct-30 17:24:20.937000,-17166.788326
S17,2019-Oct-30 17:25:21.989000,-17166.773946
S17,2019-Oct-30 17:26:27.354000,-17048.379567
S17,2019-Oct-30 17:27:44.707000,-17600.928987
S17,2019-Oct-30 17:28:57.396000,-17641.727069
S17,2019-Oct-30 17:30:00.100000,-17525.027069
S17,2019-Oct-30 17:31:26.583000,-17990.634604
S17,2019-Oct-30 17:32:38.692000,-17849.410804
S17,2019-Oct-30 17:33:44.178000,-17849.364062
S17,2019-Oct-30 17:35:03.726000,-17990.557080
S17,2019-Oct-30 17:36:10.123000,-18131.796533
S17,2019-Oct-30 17:37:11.165000,-18301.435402
S17,2019-Oct-30 17:38:11.558000,-18246.046581
S17,2019-Oct-30 17:39:28.805000,-18188.427064
S17,2019-Oct-30 17:40:29.202000,-18188.427064
S17,2019-Oct-30 17:41:32.571000,-18335.937681
S17,2019-Oct-30 17:42:44.222000,-18192.281885
S17,2019-Oct-30 17:43:46.804000,-18349.151240
S17,2019-Oct-30 17:45:02.248000,-18137.345885
S17,2019-Oct-30 17:46:14.779000,-18313.650237
S17,2019-Oct-30 17:47:15.537000,-18338.664720
S17,2019-Oct-30 17:48:38.883000,-18400.093864
S17,2019-Oct-30 17:49:39.248000,-18554.268249
S17,2019-Oct-30 17:50:48.473000,-18906.161530
S17,2019-Oct-30 17:51:58.444000,-18960.480231
S17,2019-Oct-30 17:53:06.140000,-19073.762689
S17,2019-Oct-30 17:54:25.827000,-18662.781972
S17,2019-Oct-30 17:55:32.541000,-18718.602936
S17,2019-Oct-30 17:56:38.245000,-18906.439126
S17,2019-Oct-30 17:57:48.571000,-18961.376709
S17,2019-Oct-30 17:58:56.799000,-18812.269161
S17,2019-Oct-30 18:00:01.649000,-19211.163756
S17,2019-Oct-30 18:01:03.232000,-18667.894919
S17,2019-Oct-30 18:02:07.202000,-19258.218362
S17,2019-Oct-30 18:03:18.630000,-19158.978681
S17,2019-Oct-30 18:04:23.893000,-19119.972936
S17,2019-Oct-30 18:05:35.935000,-19270.812177
S17,2019-Oct-30 18:06:39.191000,-19187.956203
S17,2019-Oct-30 18:07:49.264000,-19115.855080
S17,2019-Oct-30 18:08:58.132000,-19159.252357
S17,2019-Oct-30 18:10:08.115000,-19177.812757
S17,2019-Oct-30 18:11:11.119000,-19145.283308
S17,2019-Oct-30 18:12:16.760000,-19160.967111
S17,2019-Oct-30 18:13:27.100000,-19171.064782
S17,2019-Oct-30 18:14:39.470000,-19152.344854
S17,2019-Oct-30 18:15:42.710000,-19064.056811
S17,2019-Oct-30 18:16:46.634000,-18992.980107
S17,2019-Oct-30 18:17:56.128000,-18938.314879
S17,2019-Oct-30 18:19:11.926000,-18918.325077
S17,2019-Oct-30 18:20:26.997000,-19141.661077
S17,2019-Oct-30 18:21:47.245000,-19179.857838
S17,2019-Oct-30 18:23:02.148000,-18937.115284
S17,2019-Oct-30 18:24:15.266000,-18940.168274
S17,2019-Oct-30 18:25:18.430000,-18787.703158
S17,2019-Oct-30 18:26:25.609000,-18635.224485
S17,2019-Oct-30 18:27:39.753000,-18683.905276
S17,2019-Oct-30 18:29:01.954000,-18599.510896
S17,2019-Oct-30 18:30:16.756000,-18523.184051
S17,2019-Oct-30 18:31:18.461000,-17970.080198
S17,2019-Oct-30 18:32:28.870000,-17676.742782
S17,2019-Oct-30 18:33:32.640000,-17603.722140
S17,2019-Oct-30 18:34:40.984000,-17851.524513
S17,2019-Oct-30 18:35:44.664000,-18326.754722
S17,2019-Oct-30 18:36:53.103000,-18274.872772
S17,2019-Oct-30 18:37:59.992000,-18961.063957
S17,2019-Oct-30 18:39:04.661000,-17803.721937
S17,2019-Oct-30 18:40:18.623000,-16535.203725
S17,2019-Oct-30 18:41:28.331000,-17789.122739
S17,2019-Oct-30 18:42:35.699000,-18402.704651
S17,2019-Oct-30 18:43:51.342000,-17172.676011
S17,2019-Oct-30 18:44:55.955000,-19549.710189
S17,2019-Oct-30 18:46:03.548000,-19733.930275
S17,2019-Oct-30 18:47:05.958000,-19615.847916
S17,2019-Oct-30 18:48:09.372000,-19669.099452
S17,2019-Oct-30 18:49:17.173000,-19542.156273
S17,2019-Oct-30 18:50:27.154000,-21087.379118
S17,2019-Oct-30 18:51:36.989000,-21979.084382
S17,2019-Oct-30 18:52:39.793000,-22608.787717
S17,2019-Oct-30 18:53:51.423000,-22563.063196
S17,2019-Oct-30 18:54:59.779000,-22585.905386
S17,2019-Oct-30 18:56:05.195000,-23236.995911
S17,2019-Oct-30 18:57:12.823000,-23084.984129
S17,2019-Oct-30 18:58:16.603000,-22685.267854
S17,2019-Oct-30 18:59:30.102000,-22285.000918
S17,2019-Oct-30 19:00:41.191000,-23077.577312
S17,2019-Oct-30 19:01:46.949000,-22859.105637
S17,2019-Oct-30 19:02:51.473000,-23338.728394
S17,2019-Oct-30 19:03:56.555000,-23980.208771
S17,2019-Oct-30 19:05:10.266000,-23935.471652
S17,2019-Oct-30 19:06:19.135000,-23719.869081
S17,2019-Oct-30 19:07:27.513000,-23562.390745
S17,2019-Oct-30 19:08:31.375000,-23770.515984
S17,2019-Oct-30 19:09:40.380000,-23786.922730
S17,2019-Oct-30 19:10:55.173000,-23877.515892
S17,2019-Oct-30 19:12:03.603000,-23919.857874
S17,2019-Oct-30 19:13:14.159000,-24009.070563
S17,2019-Oct-30 19:14:29.419000,-23994.651763
S17,2019-Oct-30 19:15:47.536000,-23994.687401
S17,2019-Oct-30 19:16:52.162000,-24143.148726
S17,2019-Oct-30 19:17:55.256000,-24303.229953
S17,2019-Oct-30 19:19:07.375000,-24111.990112
S17,2019-Oct-30 19:20:09.233000,-24250.315751
S17,2019-Oct-30 19:21:13.423000,-24281.306355
S17,2019-Oct-30 19:22:21.698000,-24221.380597
S17,2019-Oct-30 19:23:27.949000,-24325.256039
S17,2019-Oct-30 19:24:31.441000,-24396.988373
S17,2019-Oct-30 19:25:35.772000,-24518.647012
S17,2019-Oct-30 19:26:46.282000,-24633.015667
S17,2019-Oct-30 19:27:55.177000,-24485.859076
S17,2019-Oct-30 19:29:04.870000,-24729.900300
S17,2019-Oct-30 19:30:10.208000,-24794.654821
S17,2019-Oct-30 19:31:20.261000,-24756.527197
S17,2019-Oct-30 19:32:27.221000,-24867.402755
S17,2019-Oct-30 19:33:43.385000,-24764.845595
S17,2019-Oct-30 19:34:53.579000,-24916.194783
S17,2019-Oct-30 19:36:02.664000,-24897.787661
S17,2019-Oct-30 19:37:07.350000,-24756.091378
S17,2019-Oct-30 19:38:10.402000,-24704.857958
S17,2019-Oct-30 19:39:14.143000,-24823.232339
S17,2019-Oct-30 19:40:20.648000,-24890.544565
S17,2019-Oct-30 19:41:28.659000,-24877.733632
S17,2019-Oct-30 19:42:33.906000,-24783.145844
S17,2019-Oct-30 19:43:38.523000,-24798.997456
S17,2019-Oct-30 19:44:44.825000,-24819.062664
S17,2019-Oct-30 19:45:46.841000,-24814.510536
S17,2019-Oct-30 19:46:55.232000,-24831.533251
S17,2019-Oct-30 19:48:05.936000,-24842.944425
S17,2019-Oct-30 19:49:07.633000,-24845.053746
S17,2019-Oct-30 19:50:16.825000,-24798.171024
S17,2019-Oct-30 19:51:21.313000,-24618.393859
S17,2019-Oct-30 19:52:25.199000,-24747.659344
S17,2019-Oct-30 19:53:31.663000,-24772.170740
S17,2019-Oct-30 19:54:33.561000,-24723.427692
S17,2019-Oct-30 19:55:37.118000,-24737.329627
S17,2019-Oct-30 19:56:38.990000,-24973.031510
S17,2019-Oct-30 19:57:40.803000,-25125.296299
S17,2019-Oct-30 19:58:44.670000,-25146.765182
S17,2019-Oct-30 19:59:47.951000,-24904.149188
S17,2019-Oct-30 20:01:28.620000,-24961.025884
S17,2019-Oct-30 20:04:50.441000,-24961.025884
S17,2019-Oct-30 20:11:12.169000,-24961.025884
S17,2019-Oct-30 20:13:04.228000,-24961.025884
S17,2019-Oct-30 20:14:30.197000,-24961.025884
S17,2019-Oct-30 20:16:02.190000,-24961.025884
S17,2019-Oct-30 20:31:08.515000,-24961.025884
S17,2019-Oct-30 20:38:42.678000,-24961.025884
S17,2019-Oct-30 20:41:10.448000,-24961.025884
S17,2019-Oct-30 20:46:09.191000,-24961.025884
S17,2019-Oct-30 20:49:28.368000,-24961.025884
S17,2019-Oct-30 20:50:49.296000,-24961.025884
S17,2019-Oct-30 20:51:52.948000,-24961.025884
S17,2019-Oct-30 20:54:10.506000,-24961.025884
S17,2019-Oct-30 20:55:32.668000,-24961.025884
S17,2019-Oct-31 04:00:00,-24961.025884
